año,bodega,categoria_busqueda,categoria_calidad,nombre_completo,num_reviews,precio_eur,rating,region,tipo_vino,url
2019,Morca Garnacha,Ribera del Duero,Great Value,Morca Garnacha 2019 Campo de Borja,5.0,34.95,4.526,Campo de Borja,Tinto,https://www.vivino.com/morca-garnacha/w/5248344?year=2019&price_id=29492416
2021,Bodegas Ateca Atteca,Ribera del Duero,Great Value,Bodegas AtecaAtteca Armas Garnacha Old Vines 2021Calatayud,1.0,34.2,4.418,Calatayud,Tinto,https://www.vivino.com/bodegas-ateca-atteca-armas-garnacha-old-vines/w/1204799?year=2021&price_id=34022126
2022,Ahorra7,Ribera del Duero,Amazing Value,Ahorra Morca Godina Garnacha 2022 Campo de Borja,3.0,18.5,4.42,Campo de Borja,Tinto,https://www.vivino.com/morca-godina-garnacha/w/5056642?year=2022&price_id=37554208
2022,Morca Garnacha,Ribera del Duero,Great Value,Morca Garnacha 2022 Campo de Borja,4.0,32.6,4.411,Campo de Borja,Tinto,https://www.vivino.com/morca-garnacha/w/5248344?year=2022&price_id=38720217
2021,Morca Garnacha,Ribera del Duero,Great Value,Morca Garnacha 2021 Campo de Borja,7.0,36.85,4.424,Campo de Borja,Tinto,https://www.vivino.com/morca-garnacha/w/5248344?year=2021&price_id=35337191
2022,Bodegas Ateca Atteca,Ribera del Duero,Great Value,Bodegas AtecaAtteca Armas Garnacha Old Vines 2022Calatayud,5.0,36.7,4.4346,Calatayud,Tinto,https://www.vivino.com/bodegas-ateca-atteca-armas-garnacha-old-vines/w/1204799?year=2022&price_id=39124003
2021,Alto Moncayo,Ribera del Duero,Good Value,Alto MoncayoGarnacha 2021 Campo de Borja,2.0,34.9,4.323,Campo de Borja,Tinto,https://www.vivino.com/alto-moncayo-garnacha/w/98782?year=2021&price_id=35645848
2021,Atalaya Alaya,Ribera del Duero,Great Value,AtalayaAlaya Tierra 2021 Almansa,6.0,31.95,4.31,España,Tinto,https://www.vivino.com/atalaya-almansa-alaya-tierra-almansa/w/3772025?year=2021&price_id=33111856
2023,Comando GRozas,Ribera del Duero,Good Value,Comando Grozas Vino de Pueblo 2023 Madrid,9.0,44.98,4.25,Madrid,Tinto,https://www.vivino.com/comando-g-rozas-vino-de-pueblo-comunidad-de-madrid/w/12134241?year=2023&price_id=38488243
2023,Comando GNavatalgordo,Catalunya Moderna,Great Value,Comando GNavatalgordo 2023 Madrid,1.0,41.76,4.26,Madrid,Tinto,https://www.vivino.com/comando-g-navatalgordo-comunidad-de-madrid/w/12166125?year=2023&price_id=38460435
2020,Alto Moncayo Veraton,Catalunya Moderna,Great Value,Alto MoncayoVeraton Garnacha 2020 Campo de Borja,1.0,27.01,4.262,Campo de Borja,Tinto,https://www.vivino.com/alto-moncayo-veraton-garnacha/w/98783?year=2020&price_id=37939554
2020,Edetària Finca,Catalunya Moderna,Great Value,EdetàriaFinca La Genuïna 2020 Terra Alta,4.0,39.3,4.214,Terra Alta,Tinto,https://www.vivino.com/edetaria-finca-la-genuina/w/4763676?year=2020&price_id=37486516
2021,Parés BaltàGarnatxa,Catalunya Moderna,Great Value,Parés BaltàGarnatxa Hisenda Miret 2021Penedès,5.0,27.4,4.25,Penedès,Tinto,https://www.vivino.com/pares-balta-garnatxa-hisenda-miret/w/1670099?year=2021&price_id=38072651
2021,Alto Moncayo Veraton,Catalunya Moderna,Good Value,Alto MoncayoVeraton Garnacha 2021 Campo de Borja,6.0,23.0,4.22,Campo de Borja,Tinto,https://www.vivino.com/alto-moncayo-veraton-garnacha/w/98783?year=2021&price_id=37806466
2020,Castillo Perelada Empordà,Catalunya Moderna,Good Value,Castillo PereladaEmpordà Aires de Garbet 2020 Empordà,3.0,48.4,4.26,Empordà,Tinto,https://www.vivino.com/castillo-perelada-emporda-aires-de-garbet/w/3309635?year=2020&price_id=37143653
2020,Altavins Selecció,Catalunya Moderna,Good Value,AltavinsSelecció Red 2020 Terra Alta,2.0,32.5,4.213,Terra Alta,Tinto,https://www.vivino.com/altavins-seleccio-red/w/7118207?year=2020&price_id=36811730
2020,Bodegas Frontonio Parcela,Catalunya Moderna,Good Value,Bodegas FrontonioParcela La Cerqueta Garnacha 2020Valdejalón,7.0,54.2,4.23,Valdejalón,Tinto,https://www.vivino.com/frontonio-parcela-la-cerqueta-garnacha/w/9078244?year=2020&price_id=33482789
2020,Breca Brega,Catalunya Moderna,Good Value,Breca Brega Garnacha 2020 Calatayud,7.0,32.9,4.26,Calatayud,Tinto,https://www.vivino.com/breca-brega-garnacha/w/5526694?year=2020&price_id=36871459
2018,Pago Los,Catalunya Moderna,Good Value,Pago Los BalancinesBarbas de gata 2018Extremadura,9.0,30.78,4.24,España,Tinto,https://www.vivino.com/pago-los-balancines-barbas-de-gata/w/8048744?year=2018&price_id=33586980
2021,Bodegas Care Finca,Vinos Baratos €5-15,Great Value,Bodegas CareFinca Bancales Viñas Viejas Garnacha 2021Cariñena,9.0,12.66,4.137,Cariñena,Tinto,https://www.vivino.com/bodegas-care-finca-bancales-vinas-viejas-garnacha/w/2427372?year=2021&price_id=38759603
2021,Bodegas Ateca Atteca,Vinos Baratos €5-15,Great Value,Bodegas Ateca Atteca Garnacha (Old Vines) 2021 Calatayud,5.0,12.65,4.135,Calatayud,Tinto,https://www.vivino.com/bodegas-ateca-atteca-garnacha-old-vines/w/1183710?year=2021&price_id=37818400
2020,Bodegas Ateca Atteca,Vinos Baratos €5-15,Great Value,Bodegas AtecaAtteca Garnacha (Old Vines) 2020 Calatayud,8.0,14.46,4.16,Calatayud,Tinto,https://www.vivino.com/bodegas-ateca-atteca-garnacha-old-vines/w/1183710?year=2020&price_id=38449392
2021,Bodegas Paco,Vinos Baratos €5-15,Great Value,Bodegas Paco MuleroGarnacha 2021Calatayud,1.0,10.9,4.19,Calatayud,Tinto,https://www.vivino.com/bodegas-paco-mulero-garnacha/w/8995715?year=2021&price_id=35422551
2021,Breca Garnacha,Vinos Baratos €5-15,Great Value,Breca Garnacha 2021Calatayud,2.0,14.1,4.18,Calatayud,Tinto,https://www.vivino.com/breca-garnacha-calatayud/w/1370945?year=2021&price_id=38561559
2022,Particular Garnacha Viñas,Vinos Baratos €5-15,Great Value,ParticularGarnacha Viñas Centenarias 2022Cariñena,8.0,14.8,4.1254,Cariñena,Tinto,https://www.vivino.com/particular-es-garnacha-vinas-centenarias/w/2338003?year=2022&price_id=38799328
2021,Pagos del,Vinos Baratos €5-15,Great Value,Pagos del MoncayoPrados Colección Garnacha 2021Campo de Borja,1.0,14.9,4.118,Campo de Borja,Tinto,https://www.vivino.com/pagos-del-moncayo-prados-coleccion-garnacha/w/5409799?year=2021&price_id=34084953
2022,Vinos Divertidos Camino,Vinos Baratos €5-15,Great Value,Vinos DivertidosCamino A Pardos Garnacha Viñas Viejas 80 Old Vines 2022Calatayud,4.0,12.9,4.138,Calatayud,Tinto,https://www.vivino.com/vinos-divertidos-camino-a-pardos-garnacha-vinas-viejas-80-old-vines/w/9894859?year=2022&price_id=39306606
2019,Valquejigoso Carpetano,Vinos Baratos €5-15,Great Value,ValquejigosoCarpetano Garnacha 2019Madrid,7.0,14.95,4.114,Madrid,Tinto,https://www.vivino.com/valquejigoso-carpetano-garnacha/w/11316262?year=2019&price_id=31843204
2019,Bodegas Aragonesas Terroir,Vinos Medios €15-30,Good Value,Bodegas AragonesasTerroir Nabulé Garnacha 2019Campo de Borja,4.0,25.95,4.219,Campo de Borja,Tinto,https://www.vivino.com/bodegas-aragonesas-terroir-nabule-garnacha/w/10090417?year=2019&price_id=38582029
2022,Terra Remota Camino,Vinos Medios €15-30,Great Value,Terra RemotaCamino 2022Empordà,9.0,18.45,4.26,Empordà,Tinto,https://www.vivino.com/terra-remota-camino/w/1222476?year=2022&price_id=38019580
2017,Puiggros Sentits Negres,Vinos Medios €15-30,Great Value,PuiggrosSentits Negres Vinyes Velles Garnatxa Negra 2017Cataluña,1.0,20.0,4.23,Cataluña,Tinto,https://www.vivino.com/puiggros-sentits-negres-vinyes-velles-garnatxa-negra/w/1213863?year=2017&price_id=31602358
2023,Las Pedreras Los,Vinos Medios €15-30,Great Value,Las PedrerasLos Arroyuelos 2023Castilla y León,7.0,22.5,4.23,Castilla y León,Tinto,https://www.vivino.com/las-pedreras-los-arroyuelos/w/9787667?year=2023&price_id=38807253
2021,Alto Horizonte Alto,Vinos Medios €15-30,Great Value,Alto HorizonteAlto de la Cruz Garnacha 2021Madrid,5.0,28.5,4.225,Madrid,Tinto,https://www.vivino.com/alto-horizonte-alto-de-la-cruz-garnacha/w/6910178?year=2021&price_id=36486174
2019,Ahorra16,Vinos Medios €15-30,Good Value,Ahorra16%Pago Los BalancinesBarbas de gata 2019Extremadura,5.0,29.5,4.233,España,Tinto,https://www.vivino.com/pago-los-balancines-barbas-de-gata/w/8048744?year=2019&price_id=38613422
2021,Bodegas Aragonesas Fagus,Vinos Medios €15-30,Great Value,Bodegas AragonesasFagus de Coto de Hayas Garnacha 2021Aragón,4.0,19.78,4.113,Aragón,Tinto,https://www.vivino.com/bodegas-aragonesas-fagus-de-coto-de-hayas-garnacha/w/1206543?year=2021&price_id=39402050
2021,Bodega Sommos Araia,Vinos Medios €15-30,Good Value,Bodega SommosAraia Garnacha 2021Calatayud,1.0,21.95,4.16,Calatayud,Tinto,https://www.vivino.com/bodega-sommos-araia-garnacha/w/11772224?year=2021&price_id=36088227
2019,Lagravera Cíclic Negre,Vinos Medios €15-30,Good Value,LagraveraCíclic Negre 2019Costers del Segre,8.0,23.9,4.117,Costers del Segre,Tinto,https://www.vivino.com/lagravera-ciclic-negre/w/9309559?year=2019&price_id=39307197
2022,Bodegas Frontonio Parcela,Vinos Premium €30-60,Good Value,Bodegas FrontonioParcela La Cerqueta Garnacha 2022Valdejalón,6.0,54.2,4.224,Valdejalón,Tinto,https://www.vivino.com/frontonio-parcela-la-cerqueta-garnacha/w/9078244?year=2022&price_id=38820343
2018,Telmo Rodriguez Pegaso,Vinos Premium €30-60,Good Value,Telmo RodriguezPegaso Arrebatacapas 2018Madrid,7.0,51.9,4.22,Madrid,Tinto,https://www.vivino.com/telmo-rodriguez-pegaso-arrebatacapas/w/8760918?year=2018&price_id=27708202
2021,Bodegas Frontonio Parcela,Vinos Premium €30-60,Good Value,Bodegas Frontonio Parcela La Cerqueta Garnacha 2021Valdejalón,6.0,54.2,4.224,Valdejalón,Tinto,https://www.vivino.com/frontonio-parcela-la-cerqueta-garnacha/w/9078244?year=2021&price_id=37528069
2020,Rico Nuevo La,Vinos Premium €30-60,Good Value,Rico NuevoLa Quebrá 2020 Castilla y León,4.0,55.0,4.29,Castilla y León,Tinto,https://www.vivino.com/rico-nuevo-la-quebra/w/8782323?year=2020&price_id=33740209
2018,Abadia,Vinos Premium €30-60,Good Value,Abadia de PobletEl Tossal de la Salut 2018Conca de Barberà,8.0,39.23,4.123,España,Tinto,https://www.vivino.com/abadia-de-poblet-el-tossal-de-la-salut/w/7041855?year=2018&price_id=35995902
2020,Espelt Les Elies,Vinos Premium €30-60,Good Value,EspeltLes Elies Lledoner Negre 2020Cataluña,7.0,30.06,4.111,Cataluña,Tinto,https://www.vivino.com/es-espelt-les-elies-lledoner-negre/w/7756793?year=2020&price_id=37424932
2019,Morca Garnacha,Ribera del Duero,Great Value,MorcaGarnacha 2019Campo de Borja,5.0,34.95,4.526,Campo de Borja,Tinto,https://www.vivino.com/morca-garnacha/w/5248344?year=2019&price_id=29492416
2022,Ahorra7,Ribera del Duero,Amazing Value,Ahorra7%MorcaGodina Garnacha 2022Campo de Borja,3.0,18.5,4.42,Campo de Borja,Tinto,https://www.vivino.com/morca-godina-garnacha/w/5056642?year=2022&price_id=37554208
2022,Morca Garnacha,Ribera del Duero,Great Value,MorcaGarnacha 2022Campo de Borja,4.0,32.6,4.411,Campo de Borja,Tinto,https://www.vivino.com/morca-garnacha/w/5248344?year=2022&price_id=38720217
2021,Morca Garnacha,Ribera del Duero,Great Value,MorcaGarnacha 2021Campo de Borja,7.0,36.85,4.424,Campo de Borja,Tinto,https://www.vivino.com/morca-garnacha/w/5248344?year=2021&price_id=35337191
2021,Alto Moncayo,Ribera del Duero,Good Value,Alto MoncayoGarnacha 2021Campo de Borja,2.0,34.9,4.323,Campo de Borja,Tinto,https://www.vivino.com/alto-moncayo-garnacha/w/98782?year=2021&price_id=35645848
2021,Atalaya Alaya,Ribera del Duero,Great Value,AtalayaAlaya Tierra 2021Almansa,6.0,31.95,4.31,España,Tinto,https://www.vivino.com/atalaya-almansa-alaya-tierra-almansa/w/3772025?year=2021&price_id=33111856
2023,Comando GRozas,Ribera del Duero,Good Value,Comando GRozas Vino de Pueblo 2023Madrid,9.0,44.98,4.25,Madrid,Tinto,https://www.vivino.com/comando-g-rozas-vino-de-pueblo-comunidad-de-madrid/w/12134241?year=2023&price_id=38488243
2023,Comando GNavatalgordo,Catalunya Moderna,Great Value,Comando GNavatalgordo 2023Madrid,1.0,41.76,4.26,Madrid,Tinto,https://www.vivino.com/comando-g-navatalgordo-comunidad-de-madrid/w/12166125?year=2023&price_id=38460435
2020,Alto Moncayo Veraton,Catalunya Moderna,Great Value,Alto MoncayoVeraton Garnacha 2020Campo de Borja,1.0,27.01,4.262,Campo de Borja,Tinto,https://www.vivino.com/alto-moncayo-veraton-garnacha/w/98783?year=2020&price_id=37939554
2020,Edetària Finca,Catalunya Moderna,Great Value,EdetàriaFinca La Genuïna 2020Terra Alta,4.0,39.3,4.214,Terra Alta,Tinto,https://www.vivino.com/edetaria-finca-la-genuina/w/4763676?year=2020&price_id=37486516
2021,Alto Moncayo Veraton,Catalunya Moderna,Good Value,Alto MoncayoVeraton Garnacha 2021Campo de Borja,6.0,23.0,4.22,Campo de Borja,Tinto,https://www.vivino.com/alto-moncayo-veraton-garnacha/w/98783?year=2021&price_id=37806466
2020,Castillo Perelada Empordà,Catalunya Moderna,Good Value,Castillo PereladaEmpordà Aires de Garbet 2020Empordà,3.0,48.4,4.26,Empordà,Tinto,https://www.vivino.com/castillo-perelada-emporda-aires-de-garbet/w/3309635?year=2020&price_id=37143653
2020,Altavins Selecció,Catalunya Moderna,Good Value,AltavinsSelecció Red 2020Terra Alta,2.0,32.5,4.213,Terra Alta,Tinto,https://www.vivino.com/altavins-seleccio-red/w/7118207?year=2020&price_id=36811730
2020,Breca Brega,Catalunya Moderna,Good Value,BrecaBrega Garnacha 2020Calatayud,7.0,32.9,4.26,Calatayud,Tinto,https://www.vivino.com/breca-brega-garnacha/w/5526694?year=2020&price_id=36871459
2021,Bodegas Ateca Atteca,Vinos Baratos €5-15,Great Value,Bodegas AtecaAtteca Garnacha (Old Vines) 2021Calatayud,5.0,12.65,4.135,Calatayud,Tinto,https://www.vivino.com/bodegas-ateca-atteca-garnacha-old-vines/w/1183710?year=2021&price_id=37818400
2020,Bodegas Ateca Atteca,Vinos Baratos €5-15,Great Value,Bodegas AtecaAtteca Garnacha (Old Vines) 2020Calatayud,8.0,14.46,4.16,Calatayud,Tinto,https://www.vivino.com/bodegas-ateca-atteca-garnacha-old-vines/w/1183710?year=2020&price_id=38449392
2021,Breca Garnacha,Vinos Baratos €5-15,Great Value,BrecaGarnacha 2021Calatayud,2.0,14.1,4.18,Calatayud,Tinto,https://www.vivino.com/breca-garnacha-calatayud/w/1370945?year=2021&price_id=38561559
2016,Viñas,,Cosecha más antigua,Viñas del VeroSecastilla 2016Somontano,1.0,33.9,4.15,Somontano,Tinto,https://www.vivino.com/vinas-del-vero-secastilla/w/1158235?year=2016&price_id=25421069
2023,Altavins Vinerel,,Good Value,AltavinsVinerel.Les Garnatxa Peluda 2023Terra Alta,6.0,22.25,4.14,Terra Alta,Tinto,https://www.vivino.com/altavins-vinerel-les-garnatxa-peluda/w/11471752?year=2023&price_id=39308500
2021,Cuevas,,Good Value,Cuevas de AromOS Cantals 2021Campo de Borja,7.0,42.21,4.142,Campo de Borja,Tinto,https://www.vivino.com/cuevas-de-arom-os-cantals/w/5796944?year=2021&price_id=34502822
2020,Bodegas,,Great Value,Bodegas AtecaAtteca Garnacha (Old Vines) 2020Calatayud,8.0,14.46,4.16,Calatayud,Tinto,https://www.vivino.com/bodegas-ateca-atteca-garnacha-old-vines/w/1183710?year=2020&price_id=38449392
2021,Bodegas,,Great Value,Bodegas Paco MuleroGarnacha 2021Calatayud,1.0,10.9,4.19,Calatayud,Tinto,https://www.vivino.com/bodegas-paco-mulero-garnacha/w/8995715?year=2021&price_id=35422551
2021,Breca Garnacha,,Great Value,BrecaGarnacha 2021Calatayud,2.0,14.1,4.18,Calatayud,Tinto,https://www.vivino.com/breca-garnacha-calatayud/w/1370945?year=2021&price_id=38561559
2019,Vinyes,,Good Value,Vinyes TortugaHunky Dory 2019Cataluña,8.0,43.95,4.18,Cataluña,Tinto,https://www.vivino.com/vinyes-tortuga-hunky-dory/w/7450443?year=2019&price_id=33825942
2022,Particular Garnacha,,Great Value,ParticularGarnacha Viñas Centenarias 2022Cariñena,8.0,14.8,4.1254,Cariñena,Tinto,https://www.vivino.com/particular-es-garnacha-vinas-centenarias/w/2338003?year=2022&price_id=38799328
2023,Pejenaute Tabuca,,Great Value,Gil PejenauteTabuca 2023Campo de Borja,8.0,20.5,4.131,Campo de Borja,Tinto,https://www.vivino.com/gil-pejenaute-tabuca/w/10428248?year=2023&price_id=39171060
2021,Pagos,,Great Value,Pagos del MoncayoPrados Colección Garnacha 2021Campo de Borja,1.0,14.9,4.118,Campo de Borja,Tinto,https://www.vivino.com/pagos-del-moncayo-prados-coleccion-garnacha/w/5409799?year=2021&price_id=34084953
2022,Vinos,,Great Value,Vinos DivertidosCamino A Pardos Garnacha Viñas Viejas 80 Old Vines 2022Calatayud,4.0,12.9,4.138,Calatayud,Tinto,https://www.vivino.com/vinos-divertidos-camino-a-pardos-garnacha-vinas-viejas-80-old-vines/w/9894859?year=2022&price_id=39306606
2017,Carlos,,Good Value,Carlos RubenAntonio Antonia 2017Aragón,8.0,24.95,4.15,Aragón,Tinto,https://www.vivino.com/carlos-ruben-antonio-antonia/w/7256945?year=2017&price_id=27201047
2019,Proyecto,,Good Value,Proyecto Garnachas de EspañaLa Garnacha Perdida 2019Aragón,3.0,22.75,4.133,Aragón,Tinto,https://www.vivino.com/proyecto-garnachas-de-espana-la-garnacha-perdida/w/5296470?year=2019&price_id=27445400
2022,Cérvoles Garnatxa,,Good Value,CérvolesGarnatxa de Cérvoles Vinyes Altes de Les Garrigues 2022Costers del Segre,2.0,17.15,4.123,Costers del Segre,Tinto,https://www.vivino.com/cervoles-garnatxa-de-cervoles-vinyes-altes-de-les-garrigues/w/4547042?year=2022&price_id=34401899
2019,Valquejigoso Carpetano,,Great Value,ValquejigosoCarpetano Garnacha 2019Madrid,7.0,14.95,4.114,Madrid,Tinto,https://www.vivino.com/valquejigoso-carpetano-garnacha/w/11316262?year=2019&price_id=31843204
2021,Bodegas,,Good Value,Bodegas FrontonioSupersónico Garnacha 2021Valdejalón,6.0,27.15,4.19,Valdejalón,Tinto,https://www.vivino.com/frontonio-supersonico-garnacha/w/4968370?year=2021&price_id=36112974
2022,Borsao,,Great Value,Borsao BodegasTres Picos Garnacha 2022Campo de Borja,2.0,13.35,4.17,Campo de Borja,Tinto,https://www.vivino.com/borsao-bodegas-tres-picos-garnacha/w/35374?year=2022&price_id=38974679
2022,Aseginolaza,,Good Value,Aseginolaza & LeundaCuvée Las Santas 2022Navarra,8.0,22.35,4.112,Navarra,Tinto,https://www.vivino.com/aseginolaza-leunda-cuvee-las-santas/w/9648325?year=2022&price_id=37563720
2019,Herència,,Good Value,Herència AltésLa Xalamera 2019Terra Alta,3.0,29.9,4.15,Terra Alta,Tinto,https://www.vivino.com/herencia-altes-la-xalamera-terra-alta/w/6170276?year=2019&price_id=36324678
2016,Viñas del,,Cosecha más antigua,Viñas del VeroSecastilla 2016Somontano,1.0,33.9,4.15,Somontano,Tinto,https://www.vivino.com/vinas-del-vero-secastilla/w/1158235?year=2016&price_id=25421069
2020,Bodegas Ateca Atteca,,Great Value,Bodegas AtecaAtteca Garnacha (Old Vines) 2020Calatayud,8.0,14.46,4.16,Calatayud,Tinto,https://www.vivino.com/bodegas-ateca-atteca-garnacha-old-vines/w/1183710?year=2020&price_id=38449392
2021,Bodegas Paco,,Great Value,Bodegas Paco MuleroGarnacha 2021Calatayud,1.0,10.9,4.19,Calatayud,Tinto,https://www.vivino.com/bodegas-paco-mulero-garnacha/w/8995715?year=2021&price_id=35422551
2021,Breca Garnacha 2021Calatayud,,Great Value,BrecaGarnacha 2021Calatayud,2.0,14.1,4.18,Calatayud,Tinto,https://www.vivino.com/breca-garnacha-calatayud/w/1370945?year=2021&price_id=38561559
2019,Vinyes Tortuga Hunky,,Good Value,Vinyes TortugaHunky Dory 2019Cataluña,8.0,43.95,4.18,Cataluña,Tinto,https://www.vivino.com/vinyes-tortuga-hunky-dory/w/7450443?year=2019&price_id=33825942
2022,Particular Garnacha Viñas,,Great Value,ParticularGarnacha Viñas Centenarias 2022Cariñena,8.0,14.8,4.1254,Cariñena,Tinto,https://www.vivino.com/particular-es-garnacha-vinas-centenarias/w/2338003?year=2022&price_id=38799328
2023,Gil Pejenaute Tabuca,,Great Value,Gil PejenauteTabuca 2023Campo de Borja,8.0,20.5,4.131,Campo de Borja,Tinto,https://www.vivino.com/gil-pejenaute-tabuca/w/10428248?year=2023&price_id=39171060
2022,Vinos Divertidos Camino,,Great Value,Vinos DivertidosCamino A Pardos Garnacha Viñas Viejas 80 Old Vines 2022Calatayud,4.0,12.9,4.138,Calatayud,Tinto,https://www.vivino.com/vinos-divertidos-camino-a-pardos-garnacha-vinas-viejas-80-old-vines/w/9894859?year=2022&price_id=39306606
2021,Pagos del,,Great Value,Pagos del MoncayoPrados Colección Garnacha 2021Campo de Borja,1.0,14.9,4.118,Campo de Borja,Tinto,https://www.vivino.com/pagos-del-moncayo-prados-coleccion-garnacha/w/5409799?year=2021&price_id=34084953
2017,Carlos Ruben Antonio,,Good Value,Carlos RubenAntonio Antonia 2017Aragón,8.0,24.95,4.15,Aragón,Tinto,https://www.vivino.com/carlos-ruben-antonio-antonia/w/7256945?year=2017&price_id=27201047
2019,Proyecto Garnachas,,Good Value,Proyecto Garnachas de EspañaLa Garnacha Perdida 2019Aragón,3.0,22.75,4.133,Aragón,Tinto,https://www.vivino.com/proyecto-garnachas-de-espana-la-garnacha-perdida/w/5296470?year=2019&price_id=27445400
2021,Bodegas Frontonio Supersónico,,Good Value,Bodegas FrontonioSupersónico Garnacha 2021Valdejalón,6.0,27.15,4.19,Valdejalón,Tinto,https://www.vivino.com/frontonio-supersonico-garnacha/w/4968370?year=2021&price_id=36112974
2022,Borsao Bodegas Tres,,Great Value,Borsao BodegasTres Picos Garnacha 2022Campo de Borja,2.0,13.35,4.17,Campo de Borja,Tinto,https://www.vivino.com/borsao-bodegas-tres-picos-garnacha/w/35374?year=2022&price_id=38974679
2019,Herència Altés La,,Good Value,Herència AltésLa Xalamera 2019Terra Alta,3.0,29.9,4.15,Terra Alta,Tinto,https://www.vivino.com/herencia-altes-la-xalamera-terra-alta/w/6170276?year=2019&price_id=36324678
2022,Particular Garnacha Viñas,,Great Value,Particular Garnacha Viñas Centenarias 2022Cariñena,8.0,14.8,4.1254,Cariñena,Tinto,https://www.vivino.com/particular-es-garnacha-vinas-centenarias/w/2338003?year=2022&price_id=38799328
2023,Gil Pejenaute Tabuca,,Great Value,Gil Pejenaute Tabuca 2023Campo de Borja,8.0,20.5,4.131,Campo de Borja,Tinto,https://www.vivino.com/gil-pejenaute-tabuca/w/10428248?year=2023&price_id=39171060
2016,Viñas,,Cosecha más antigua,Viñas del VeroSecastilla 2016Somontano,1.0,33.9,4.15,España,Tinto,https://www.vivino.com/vinas-del-vero-secastilla/w/1158235?year=2016&price_id=25421069
2023,Altavins,,Good Value,AltavinsVinerel.Les Garnatxa Peluda 2023Terra Alta,6.0,22.25,4.14,España,Tinto,https://www.vivino.com/altavins-vinerel-les-garnatxa-peluda/w/11471752?year=2023&price_id=39308500
2021,Cuevas,,Good Value,Cuevas de AromOS Cantals 2021Campo de Borja,7.0,42.21,4.142,España,Tinto,https://www.vivino.com/cuevas-de-arom-os-cantals/w/5796944?year=2021&price_id=34502822
2020,Bodegas Ateca,,Great Value,Bodegas AtecaAtteca Garnacha (Old Vines) 2020Calatayud,8.0,14.46,4.16,España,Tinto,https://www.vivino.com/bodegas-ateca-atteca-garnacha-old-vines/w/1183710?year=2020&price_id=38449392
2021,Bodegas Paco Mulero,,Great Value,Bodegas Paco MuleroGarnacha 2021Calatayud,1.0,10.9,4.19,España,Tinto,https://www.vivino.com/bodegas-paco-mulero-garnacha/w/8995715?year=2021&price_id=35422551
2021,Breca,,Great Value,BrecaGarnacha 2021Calatayud,2.0,14.1,4.18,España,Tinto,https://www.vivino.com/breca-garnacha-calatayud/w/1370945?year=2021&price_id=38561559
2019,Vinyes Tortuga,,Good Value,Vinyes TortugaHunky Dory 2019Cataluña,8.0,43.95,4.18,España,Tinto,https://www.vivino.com/vinyes-tortuga-hunky-dory/w/7450443?year=2019&price_id=33825942
2022,Particular,,Great Value,ParticularGarnacha Viñas Centenarias 2022Cariñena,8.0,14.8,4.1254,España,Tinto,https://www.vivino.com/particular-es-garnacha-vinas-centenarias/w/2338003?year=2022&price_id=38799328
2023,Gil Pejenaute,,Great Value,Gil PejenauteTabuca 2023Campo de Borja,8.0,20.5,4.131,España,Tinto,https://www.vivino.com/gil-pejenaute-tabuca/w/10428248?year=2023&price_id=39171060
2022,Vinos Divertidos,,Great Value,Vinos DivertidosCamino A Pardos Garnacha Viñas Viejas 80 Old Vines 2022Calatayud,4.0,12.9,4.138,España,Tinto,https://www.vivino.com/vinos-divertidos-camino-a-pardos-garnacha-vinas-viejas-80-old-vines/w/9894859?year=2022&price_id=39306606
2021,Pagos,,Great Value,Pagos del MoncayoPrados Colección Garnacha 2021Campo de Borja,1.0,14.9,4.118,España,Tinto,https://www.vivino.com/pagos-del-moncayo-prados-coleccion-garnacha/w/5409799?year=2021&price_id=34084953
2017,Carlos Ruben,,Good Value,Carlos RubenAntonio Antonia 2017Aragón,8.0,24.95,4.15,España,Tinto,https://www.vivino.com/carlos-ruben-antonio-antonia/w/7256945?year=2017&price_id=27201047
2019,Proyecto Garnachas,,Good Value,Proyecto Garnachas de EspañaLa Garnacha Perdida 2019Aragón,3.0,22.75,4.133,España,Tinto,https://www.vivino.com/proyecto-garnachas-de-espana-la-garnacha-perdida/w/5296470?year=2019&price_id=27445400
2022,Cérvoles,,Good Value,CérvolesGarnatxa de Cérvoles Vinyes Altes de Les Garrigues 2022Costers del Segre,2.0,17.15,4.123,España,Tinto,https://www.vivino.com/cervoles-garnatxa-de-cervoles-vinyes-altes-de-les-garrigues/w/4547042?year=2022&price_id=34401899
2019,Valquejigoso,,Great Value,ValquejigosoCarpetano Garnacha 2019Madrid,7.0,14.95,4.114,España,Tinto,https://www.vivino.com/valquejigoso-carpetano-garnacha/w/11316262?year=2019&price_id=31843204
2021,Bodegas Frontonio,,Good Value,Bodegas FrontonioSupersónico Garnacha 2021Valdejalón,6.0,27.15,4.19,España,Tinto,https://www.vivino.com/frontonio-supersonico-garnacha/w/4968370?year=2021&price_id=36112974
2022,Borsao Bodegas,,Great Value,Borsao BodegasTres Picos Garnacha 2022Campo de Borja,2.0,13.35,4.17,España,Tinto,https://www.vivino.com/borsao-bodegas-tres-picos-garnacha/w/35374?year=2022&price_id=38974679
2019,Her,,Good Value,Herència AltésLa Xalamera 2019Terra Alta,3.0,29.9,4.15,España,Tinto,https://www.vivino.com/herencia-altes-la-xalamera-terra-alta/w/6170276?year=2019&price_id=36324678
2022,Aseginolaza,,Good Value,Aseginolaza & LeundaCuvée Las Santas 2022Navarra,8.0,22.35,4.112,España,Tinto,https://www.vivino.com/aseginolaza-leunda-cuvee-las-santas/w/9648325?year=2022&price_id=37563720
2016,Tipos,,Great Value,Tipos de vinoTintoBlancoVino espumosoRosadoPostreFortificadoRango de precio(EUR)€7 – €60Solo mostrar vinos con descuentoValoración media de Vivino+4.2Muy raro+3.8Bueno+3.6ComúnCualquier valoraciónUvasCabernet FrancCabernet SauvignonChardonnayGrenacheMalbecMerlotPinot NoirRieslingSauvignon BlancShiraz/SyrahRegionesBirkweilerCacc'emmitte di LuceraDiamond Mountain DistrictIsola dei NuraghiMâcon-Solutré-PouillyNortePorongurupRobertsonTiranëVipavaPaísesAlemaniaArgentinaAustraliaAustriaChileEspañaEstados UnidosFranciaItaliaPortugalEstilos de vinoGarnacha (España)California Cabernet Sauvignon (USA)Centro Italia TintoGarnacha (España)Malbec (Argentina)Rioja Tinto (España)Tinto (España)MaridajesAvesComida picantePescado azul (salmón,1.0,33.9,4.15,España,Tinto,https://www.vivino.com/explore?e=eJwFwUsKgCAUBdDd3GFEQp_BHbaBoFFEmBpIWtLru_vOsYmLDuIQD6qsRvQbK0T9ssxh2PYdEhVuQ-yHpXVisM8fZyfnlLxZBQ-3KwQ8Moxsih82Qhr5
2016,Viñas,,Cosecha más antigua,Viñas del VeroSecastilla 2016Somontano,1.0,33.9,4.15,España,Tinto,https://www.vivino.com/explore?e=eJwFwUsKgCAUBdDd3GFEQp_BHbaBoFFEmBpIWtLru_vOsYmLDuIQD6qsRvQbK0T9ssxh2PYdEhVuQ-yHpXVisM8fZyfnlLxZBQ-3KwQ8Moxsih82Qhr5
2023,Altavins,,Good Value,AltavinsVinerel.Les Garnatxa Peluda 2023Terra Alta,6.0,22.25,4.14,España,Tinto,https://www.vivino.com/explore?e=eJwFwUsKgCAUBdDd3GFEQp_BHbaBoFFEmBpIWtLru_vOsYmLDuIQD6qsRvQbK0T9ssxh2PYdEhVuQ-yHpXVisM8fZyfnlLxZBQ-3KwQ8Moxsih82Qhr5
2021,Cuevas,,Good Value,Cuevas de AromOS Cantals 2021Campo de Borja,7.0,42.21,4.142,España,Tinto,https://www.vivino.com/explore?e=eJwFwUsKgCAUBdDd3GFEQp_BHbaBoFFEmBpIWtLru_vOsYmLDuIQD6qsRvQbK0T9ssxh2PYdEhVuQ-yHpXVisM8fZyfnlLxZBQ-3KwQ8Moxsih82Qhr5
2023,Mustiguillo,Moscatel_Empordà,Good Value,Mustiguillo Moscatel 2023 Empordà,1358.0,28.45,4.15,Empordà,Blanco,https://www.vivino.com/mustiguillo-moscatel/w/962905?year=2023
2019,Castro Martín,Sauvignon Blanc_Valdeorras,Average,Castro Martín Sauvignon Blanc 2019 Valdeorras,910.0,16.36,3.91,Valdeorras,Blanco,https://www.vivino.com/castro-martín-sauvignon blanc/w/785088?year=2019
2018,Cuatro Rayas,Pedro Ximénez_Empordà,Good Value,Cuatro Rayas Pedro Ximénez 2018 Empordà,1850.0,15.89,4.05,Empordà,Blanco,https://www.vivino.com/cuatro-rayas-pedro ximénez/w/364145?year=2018
2021,Marqués de Griñón,Macabeo_Valencia,Exceptional,Marqués de Griñón Macabeo 2021 Valencia,853.0,21.67,4.59,Valencia,Blanco,https://www.vivino.com/marqués-de-grinón-macabeo/w/167984?year=2021
2018,Pazo de Villarei,Moscatel_Valdeorras,Great Value,Pazo de Villarei Moscatel 2018 Valdeorras,695.0,21.95,4.4,Valdeorras,Blanco,https://www.vivino.com/pazo-de-villarei-moscatel/w/423850?year=2018
2021,Marqués de Riscal Sauvignon,Treixadura_Jumilla,Average,Marqués de Riscal Sauvignon Treixadura 2021 Jumilla,1117.0,12.6,3.91,Jumilla,Blanco,https://www.vivino.com/marqués-de-riscal-sauvignon-treixadura/w/760589?year=2021
2021,Menade,Parellada_Ribeiro,Great Value,Menade Parellada 2021 Ribeiro,207.0,17.32,4.44,Ribeiro,Blanco,https://www.vivino.com/menade-parellada/w/387681?year=2021
2018,La Val,Viura_Empordà,Good Value,La Val Viura 2018 Empordà,1298.0,29.75,4.03,Empordà,Blanco,https://www.vivino.com/la-val-viura/w/261587?year=2018
2023,Valdesil,Chardonnay_Penedès,Great Value,Valdesil Chardonnay 2023 Penedès,1547.0,27.53,4.39,Penedès,Blanco,https://www.vivino.com/valdesil-chardonnay/w/750445?year=2023
2018,Granbazan,Pedro Ximénez_Valencia,Average,Granbazan Pedro Ximénez 2018 Valencia,349.0,29.39,3.91,Valencia,Blanco,https://www.vivino.com/granbazan-pedro ximénez/w/629223?year=2018
2019,Gramona,Sauvignon Blanc_Conca de Barberà,Average,Gramona Sauvignon Blanc 2019 Conca de Barberà,500.0,17.58,3.98,Conca de Barberà,Blanco,https://www.vivino.com/gramona-sauvignon blanc/w/812749?year=2019
2022,Granbazan,Godello_Conca de Barberà,Great Value,Granbazan Godello 2022 Conca de Barberà,1444.0,26.89,4.34,Conca de Barberà,Blanco,https://www.vivino.com/granbazan-godello/w/195784?year=2022
2019,Pazo Baión,Viura_Rueda,Great Value,Pazo Baión Viura 2019 Rueda,1893.0,19.99,4.33,Rueda,Blanco,https://www.vivino.com/pazo-baión-viura/w/561561?year=2019
2020,Rafael Palacios,Gewürztraminer_Calatayud,Exceptional,Rafael Palacios Gewürztraminer 2020 Calatayud,1611.0,24.33,4.61,Calatayud,Blanco,https://www.vivino.com/rafael-palacios-gewürztraminer/w/591350?year=2020
2023,Hermanos Lurton,Macabeo_Alella,Great Value,Hermanos Lurton Macabeo 2023 Alella,149.0,21.43,4.44,Alella,Blanco,https://www.vivino.com/hermanos-lurton-macabeo/w/403111?year=2023
2018,Belondrade y Lurton,Tempranillo Blanco_Penedès,Exceptional,Belondrade y Lurton Tempranillo Blanco 2018 Penedès,279.0,10.76,4.8,Penedès,Blanco,https://www.vivino.com/belondrade-y-lurton-tempranillo blanco/w/348970?year=2018
2020,Gramona,Sauvignon Blanc_Jumilla,Good Value,Gramona Sauvignon Blanc 2020 Jumilla,1940.0,20.51,4.08,Jumilla,Blanco,https://www.vivino.com/gramona-sauvignon blanc/w/431686?year=2020
2020,Terras Gauda,Viura_Monterrei,Good Value,Terras Gauda Viura 2020 Monterrei,1735.0,28.56,4.0,Monterrei,Blanco,https://www.vivino.com/terras-gauda-viura/w/122315?year=2020
2022,As Laxas,Macabeo_Conca de Barberà,Exceptional,As Laxas Macabeo 2022 Conca de Barberà,1327.0,10.19,4.53,Conca de Barberà,Blanco,https://www.vivino.com/as-laxas-macabeo/w/481904?year=2022
2022,Pazo de Casanova,Tempranillo Blanco_Empordà,Average,Pazo de Casanova Tempranillo Blanco 2022 Empordà,542.0,21.72,3.97,Empordà,Blanco,https://www.vivino.com/pazo-de-casanova-tempranillo blanco/w/870716?year=2022
2019,Codorníu,Gewürztraminer_Monterrei,Great Value,Codorníu Gewürztraminer 2019 Monterrei,1858.0,24.17,4.49,Monterrei,Blanco,https://www.vivino.com/codorníu-gewürztraminer/w/940076?year=2019
2018,Emilio Rojo,Sauvignon Blanc_Rioja,Good Value,Emilio Rojo Sauvignon Blanc 2018 Rioja,370.0,43.59,4.03,Rioja,Blanco,https://www.vivino.com/emilio-rojo-sauvignon blanc/w/389900?year=2018
2018,Verdejo José Pariente,Macabeo_Alicante,Exceptional,Verdejo José Pariente Macabeo 2018 Alicante,1988.0,23.03,4.66,Alicante,Blanco,https://www.vivino.com/verdejo-josé-pariente-macabeo/w/550848?year=2018
2022,Protos Verdejo,Gewürztraminer_Empordà,Exceptional,Protos Verdejo Gewürztraminer 2022 Empordà,1225.0,18.89,4.77,Empordà,Blanco,https://www.vivino.com/protos-verdejo-gewürztraminer/w/534760?year=2022
2022,Enrique Mendoza,Pedro Ximénez_Cava,Exceptional,Enrique Mendoza Pedro Ximénez 2022 Cava,949.0,9.63,4.8,Cava,Blanco,https://www.vivino.com/enrique-mendoza-pedro ximénez/w/341637?year=2022
2021,Artadi Viñas de Gain,Chardonnay_Monterrei,Good Value,Artadi Viñas de Gain Chardonnay 2021 Monterrei,612.0,21.66,4.09,Monterrei,Blanco,https://www.vivino.com/artadi-vinas-de-gain-chardonnay/w/727554?year=2021
2018,Sumarroca,Xarel·lo_Rías Baixas,Exceptional,Sumarroca Xarel·lo 2018 Rías Baixas,1049.0,31.18,4.58,Rías Baixas,Blanco,https://www.vivino.com/sumarroca-xarel·lo/w/830625?year=2018
2022,Pazo de Señoráns,Treixadura_Alicante,Average,Pazo de Señoráns Treixadura 2022 Alicante,567.0,11.17,3.99,Alicante,Blanco,https://www.vivino.com/pazo-de-senoráns-treixadura/w/425544?year=2022
2019,Burgáns,Treixadura_Somontano,Great Value,Burgáns Treixadura 2019 Somontano,80.0,10.48,4.46,Somontano,Blanco,https://www.vivino.com/burgáns-treixadura/w/408674?year=2019
2021,Pazo de Casanova,Viura_Rueda,Exceptional,Pazo de Casanova Viura 2021 Rueda,1111.0,19.94,4.72,Rueda,Blanco,https://www.vivino.com/pazo-de-casanova-viura/w/661254?year=2021
2021,Palacio de Bornos,Sauvignon Blanc_Navarra,Good Value,Palacio de Bornos Sauvignon Blanc 2021 Navarra,173.0,24.91,4.14,Navarra,Blanco,https://www.vivino.com/palacio-de-bornos-sauvignon blanc/w/248171?year=2021
2018,Granbazan,Tempranillo Blanco_Penedès,Exceptional,Granbazan Tempranillo Blanco 2018 Penedès,1388.0,23.17,4.72,Penedès,Blanco,https://www.vivino.com/granbazan-tempranillo blanco/w/699512?year=2018
2019,Jean Leon Chardonnay,Xarel·lo_Alicante,Exceptional,Jean Leon Chardonnay Xarel·lo 2019 Alicante,1210.0,18.1,4.75,Alicante,Blanco,https://www.vivino.com/jean-leon-chardonnay-xarel·lo/w/371429?year=2019
2019,Triay,Sauvignon Blanc_Empordà,Average,Triay Sauvignon Blanc 2019 Empordà,348.0,19.58,3.92,Empordà,Blanco,https://www.vivino.com/triay-sauvignon blanc/w/405275?year=2019
2023,Verdejo José Pariente,Tempranillo Blanco_Valencia,Average,Verdejo José Pariente Tempranillo Blanco 2023 Valencia,1904.0,15.0,3.85,Valencia,Blanco,https://www.vivino.com/verdejo-josé-pariente-tempranillo blanco/w/893445?year=2023
2020,Naia,Albariño_Rueda,Great Value,Naia Albariño 2020 Rueda,1273.0,11.33,4.4,Rueda,Blanco,https://www.vivino.com/naia-albariño/w/318960?year=2020
2020,Condes de Albarei,Pedro Ximénez_Rías Baixas,Great Value,Condes de Albarei Pedro Ximénez 2020 Rías Baixas,74.0,43.07,4.44,Rías Baixas,Blanco,https://www.vivino.com/condes-de-albarei-pedro ximénez/w/382443?year=2020
2022,Torres Waltraud,Macabeo_Alicante,Exceptional,Torres Waltraud Macabeo 2022 Alicante,1104.0,11.78,4.68,Alicante,Blanco,https://www.vivino.com/torres-waltraud-macabeo/w/283259?year=2022
2018,Mustiguillo,Viura_Navarra,Good Value,Mustiguillo Viura 2018 Navarra,1078.0,25.0,4.01,Navarra,Blanco,https://www.vivino.com/mustiguillo-viura/w/848098?year=2018
2023,Hermanos Lurton,Godello_Valencia,Exceptional,Hermanos Lurton Godello 2023 Valencia,1581.0,26.5,4.58,Valencia,Blanco,https://www.vivino.com/hermanos-lurton-godello/w/235377?year=2023
2020,Casa Sicilia,Treixadura_Conca de Barberà,Exceptional,Casa Sicilia Treixadura 2020 Conca de Barberà,1545.0,18.99,4.62,Conca de Barberà,Blanco,https://www.vivino.com/casa-sicilia-treixadura/w/812803?year=2020
2019,Marqués de Riscal Sauvignon,Treixadura_Ribeiro,Good Value,Marqués de Riscal Sauvignon Treixadura 2019 Ribeiro,1441.0,12.87,4.08,Ribeiro,Blanco,https://www.vivino.com/marqués-de-riscal-sauvignon-treixadura/w/137463?year=2019
2022,Triay,Parellada_Monterrei,Good Value,Triay Parellada 2022 Monterrei,537.0,9.38,4.1,Monterrei,Blanco,https://www.vivino.com/triay-parellada/w/424390?year=2022
2023,Verdejo José Pariente,Godello_Terra Alta,Exceptional,Verdejo José Pariente Godello 2023 Terra Alta,1541.0,26.56,4.76,Terra Alta,Blanco,https://www.vivino.com/verdejo-josé-pariente-godello/w/584307?year=2023
2019,La Val,Macabeo_Alicante,Exceptional,La Val Macabeo 2019 Alicante,662.0,10.25,4.67,Alicante,Blanco,https://www.vivino.com/la-val-macabeo/w/521539?year=2019
2022,Codorníu,Tempranillo Blanco_Campo de Borja,Exceptional,Codorníu Tempranillo Blanco 2022 Campo de Borja,895.0,22.93,4.63,Campo de Borja,Blanco,https://www.vivino.com/codorníu-tempranillo blanco/w/754509?year=2022
2019,Pazo San Mauro,Moscatel_Valencia,Great Value,Pazo San Mauro Moscatel 2019 Valencia,1755.0,15.92,4.31,Valencia,Blanco,https://www.vivino.com/pazo-san-mauro-moscatel/w/227106?year=2019
2023,Marqués de Murrieta Blanco,Albariño_Valencia,Great Value,Marqués de Murrieta Blanco Albariño 2023 Valencia,1496.0,22.77,4.48,Valencia,Blanco,https://www.vivino.com/marqués-de-murrieta-blanco-albariño/w/120779?year=2023
2018,Burgáns,Godello_Campo de Borja,Exceptional,Burgáns Godello 2018 Campo de Borja,1357.0,12.29,4.63,Campo de Borja,Blanco,https://www.vivino.com/burgáns-godello/w/975113?year=2018
2022,Lagar de Cervera,Parellada_Rueda,Exceptional,Lagar de Cervera Parellada 2022 Rueda,1095.0,14.16,4.79,Rueda,Blanco,https://www.vivino.com/lagar-de-cervera-parellada/w/938203?year=2022
2018,Raventós i Blanc,Viura_Ribeiro,Good Value,Raventós i Blanc Viura 2018 Ribeiro,663.0,11.42,4.07,Ribeiro,Blanco,https://www.vivino.com/raventós-i-blanc-viura/w/596890?year=2018
2019,Marqués de Murrieta Blanco,Sauvignon Blanc_Calatayud,Average,Marqués de Murrieta Blanco Sauvignon Blanc 2019 Calatayud,1256.0,26.25,3.9,Calatayud,Blanco,https://www.vivino.com/marqués-de-murrieta-blanco-sauvignon blanc/w/158118?year=2019
2023,Condes de Albarei,Verdejo_Rueda,Great Value,Condes de Albarei Verdejo 2023 Rueda,1136.0,22.79,4.43,Rueda,Blanco,https://www.vivino.com/condes-de-albarei-verdejo/w/256318?year=2023
2020,Castro Martín,Sauvignon Blanc_Empordà,Exceptional,Castro Martín Sauvignon Blanc 2020 Empordà,446.0,27.0,4.59,Empordà,Blanco,https://www.vivino.com/castro-martín-sauvignon blanc/w/225055?year=2020
2021,Casa Sicilia,Godello_Valencia,Great Value,Casa Sicilia Godello 2021 Valencia,1755.0,9.33,4.44,Valencia,Blanco,https://www.vivino.com/casa-sicilia-godello/w/129472?year=2021
2018,Mustiguillo,Macabeo_Cava,Great Value,Mustiguillo Macabeo 2018 Cava,1266.0,10.48,4.33,Cava,Blanco,https://www.vivino.com/mustiguillo-macabeo/w/488382?year=2018
2021,Shaya,Gewürztraminer_Empordà,Good Value,Shaya Gewürztraminer 2021 Empordà,1790.0,29.66,4.05,Empordà,Blanco,https://www.vivino.com/shaya-gewürztraminer/w/788251?year=2021
2022,Marqués de Riscal Sauvignon,Albariño_Valencia,Exceptional,Marqués de Riscal Sauvignon Albariño 2022 Valencia,230.0,19.31,4.72,Valencia,Blanco,https://www.vivino.com/marqués-de-riscal-sauvignon-albariño/w/829718?year=2022
2022,As Sortes,Albariño_Navarra,Exceptional,As Sortes Albariño 2022 Navarra,1605.0,14.93,4.58,Navarra,Blanco,https://www.vivino.com/as-sortes-albariño/w/487023?year=2022
2019,Condes de Albarei,Godello_Rías Baixas,Great Value,Condes de Albarei Godello 2019 Rías Baixas,144.0,37.66,4.2,Rías Baixas,Blanco,https://www.vivino.com/condes-de-albarei-godello/w/729270?year=2019
2018,Valdesil,Moscatel_Valdeorras,Great Value,Valdesil Moscatel 2018 Valdeorras,1311.0,17.23,4.27,Valdeorras,Blanco,https://www.vivino.com/valdesil-moscatel/w/513226?year=2018
2019,Crego e Monaguillo,Tempranillo Blanco_Ribeiro,Good Value,Crego e Monaguillo Tempranillo Blanco 2019 Ribeiro,350.0,27.24,4.13,Ribeiro,Blanco,https://www.vivino.com/crego-e-monaguillo-tempranillo blanco/w/616509?year=2019
2021,Shaya,Treixadura_Jumilla,Exceptional,Shaya Treixadura 2021 Jumilla,79.0,27.84,4.69,Jumilla,Blanco,https://www.vivino.com/shaya-treixadura/w/850321?year=2021
2020,Pazo de Señoráns,Pedro Ximénez_Valencia,Great Value,Pazo de Señoráns Pedro Ximénez 2020 Valencia,1544.0,14.62,4.49,Valencia,Blanco,https://www.vivino.com/pazo-de-senoráns-pedro ximénez/w/859624?year=2020
2018,Granbazan,Viura_Navarra,Good Value,Granbazan Viura 2018 Navarra,1352.0,17.97,4.15,Navarra,Blanco,https://www.vivino.com/granbazan-viura/w/162320?year=2018
2022,Castro Martín,Macabeo_Rueda,Good Value,Castro Martín Macabeo 2022 Rueda,346.0,11.04,4.13,Rueda,Blanco,https://www.vivino.com/castro-martín-macabeo/w/863723?year=2022
2019,Condes de Albarei,Albariño_Rioja,Great Value,Condes de Albarei Albariño 2019 Rioja,1195.0,25.88,4.43,Rioja,Blanco,https://www.vivino.com/condes-de-albarei-albariño/w/845427?year=2019
2020,Sumarroca,Godello_Valdeorras,Great Value,Sumarroca Godello 2020 Valdeorras,1128.0,32.32,4.43,Valdeorras,Blanco,https://www.vivino.com/sumarroca-godello/w/301622?year=2020
2023,Castro Martín,Viura_Empordà,Average,Castro Martín Viura 2023 Empordà,1330.0,29.69,3.87,Empordà,Blanco,https://www.vivino.com/castro-martín-viura/w/623940?year=2023
2021,Itsasmendi,Gewürztraminer_Cava,Good Value,Itsasmendi Gewürztraminer 2021 Cava,1932.0,25.35,4.11,Cava,Blanco,https://www.vivino.com/itsasmendi-gewürztraminer/w/301934?year=2021
2021,Lapola,Tempranillo Blanco_Penedès,Average,Lapola Tempranillo Blanco 2021 Penedès,1317.0,36.75,3.86,Penedès,Blanco,https://www.vivino.com/lapola-tempranillo blanco/w/356538?year=2021
2023,Pazo Baión,Tempranillo Blanco_Terra Alta,Average,Pazo Baión Tempranillo Blanco 2023 Terra Alta,365.0,14.51,3.8,Terra Alta,Blanco,https://www.vivino.com/pazo-baión-tempranillo blanco/w/103923?year=2023
2020,Coto de Gomariz,Chardonnay_Penedès,Exceptional,Coto de Gomariz Chardonnay 2020 Penedès,1364.0,12.67,4.7,Penedès,Blanco,https://www.vivino.com/coto-de-gomariz-chardonnay/w/238799?year=2020
2020,Terras Gauda,Verdejo_Penedès,Exceptional,Terras Gauda Verdejo 2020 Penedès,1586.0,19.99,4.75,Penedès,Blanco,https://www.vivino.com/terras-gauda-verdejo/w/141462?year=2020
2018,Raventós i Blanc,Godello_Navarra,Exceptional,Raventós i Blanc Godello 2018 Navarra,893.0,12.56,4.6,Navarra,Blanco,https://www.vivino.com/raventós-i-blanc-godello/w/831673?year=2018
2021,Torres Waltraud,Sauvignon Blanc_Cava,Good Value,Torres Waltraud Sauvignon Blanc 2021 Cava,1483.0,15.91,4.08,Cava,Blanco,https://www.vivino.com/torres-waltraud-sauvignon blanc/w/905348?year=2021
2018,Pago de Tharsys,Godello_Penedès,Good Value,Pago de Tharsys Godello 2018 Penedès,1061.0,26.82,4.01,Penedès,Blanco,https://www.vivino.com/pago-de-tharsys-godello/w/530936?year=2018
2023,Naia,Pedro Ximénez_Somontano,Exceptional,Naia Pedro Ximénez 2023 Somontano,1512.0,20.91,4.79,Somontano,Blanco,https://www.vivino.com/naia-pedro ximénez/w/704927?year=2023
2018,Gramona,Viura_Navarra,Great Value,Gramona Viura 2018 Navarra,799.0,16.69,4.47,Navarra,Blanco,https://www.vivino.com/gramona-viura/w/605623?year=2018
2019,Torres Waltraud,Xarel·lo_Penedès,Great Value,Torres Waltraud Xarel·lo 2019 Penedès,1948.0,35.99,4.23,Penedès,Blanco,https://www.vivino.com/torres-waltraud-xarel·lo/w/534490?year=2019
2021,Hermanos Lurton,Verdejo_Campo de Borja,Good Value,Hermanos Lurton Verdejo 2021 Campo de Borja,1125.0,13.19,4.05,Campo de Borja,Blanco,https://www.vivino.com/hermanos-lurton-verdejo/w/347277?year=2021
2019,Belondrade y Lurton,Albariño_Alicante,Average,Belondrade y Lurton Albariño 2019 Alicante,337.0,22.78,3.92,Alicante,Blanco,https://www.vivino.com/belondrade-y-lurton-albariño/w/411773?year=2019
2022,Terras Gauda,Viura_Ribeiro,Exceptional,Terras Gauda Viura 2022 Ribeiro,1579.0,18.61,4.78,Ribeiro,Blanco,https://www.vivino.com/terras-gauda-viura/w/902137?year=2022
2021,Marqués de Griñón,Albariño_Monterrei,Good Value,Marqués de Griñón Albariño 2021 Monterrei,162.0,16.73,4.1,Monterrei,Blanco,https://www.vivino.com/marqués-de-grinón-albariño/w/570819?year=2021
2023,Coto de Gomariz,Verdejo_Somontano,Exceptional,Coto de Gomariz Verdejo 2023 Somontano,1480.0,21.28,4.71,Somontano,Blanco,https://www.vivino.com/coto-de-gomariz-verdejo/w/133138?year=2023
2019,Naia,Verdejo_Alicante,Great Value,Naia Verdejo 2019 Alicante,351.0,16.56,4.33,Alicante,Blanco,https://www.vivino.com/naia-verdejo/w/128839?year=2019
2022,Itsasmendi,Verdejo_Alella,Average,Itsasmendi Verdejo 2022 Alella,757.0,17.37,3.87,Alella,Blanco,https://www.vivino.com/itsasmendi-verdejo/w/340196?year=2022
2022,Sumarroca,Gewürztraminer_Monterrei,Average,Sumarroca Gewürztraminer 2022 Monterrei,324.0,27.74,3.95,Monterrei,Blanco,https://www.vivino.com/sumarroca-gewürztraminer/w/945583?year=2022
2021,Torres Waltraud,Godello_Valdeorras,Average,Torres Waltraud Godello 2021 Valdeorras,714.0,26.77,3.86,Valdeorras,Blanco,https://www.vivino.com/torres-waltraud-godello/w/893049?year=2021
2022,Hermanos Lurton,Tempranillo Blanco_Terra Alta,Great Value,Hermanos Lurton Tempranillo Blanco 2022 Terra Alta,1933.0,8.62,4.26,Terra Alta,Blanco,https://www.vivino.com/hermanos-lurton-tempranillo blanco/w/212814?year=2022
2021,Pazo de Señoráns,Tempranillo Blanco_Terra Alta,Exceptional,Pazo de Señoráns Tempranillo Blanco 2021 Terra Alta,715.0,18.43,4.72,Terra Alta,Blanco,https://www.vivino.com/pazo-de-senoráns-tempranillo blanco/w/412235?year=2021
2023,García Viadero,Gewürztraminer_Cava,Average,García Viadero Gewürztraminer 2023 Cava,510.0,18.01,3.92,Cava,Blanco,https://www.vivino.com/garcía-viadero-gewürztraminer/w/300555?year=2023
2021,Pazo San Mauro,Treixadura_Campo de Borja,Great Value,Pazo San Mauro Treixadura 2021 Campo de Borja,301.0,8.16,4.32,Campo de Borja,Blanco,https://www.vivino.com/pazo-san-mauro-treixadura/w/158103?year=2021
2023,Coto de Gomariz,Gewürztraminer_Alella,Exceptional,Coto de Gomariz Gewürztraminer 2023 Alella,1467.0,16.67,4.76,Alella,Blanco,https://www.vivino.com/coto-de-gomariz-gewürztraminer/w/598798?year=2023
2021,Valdesil,Macabeo_Alella,Average,Valdesil Macabeo 2021 Alella,1958.0,8.26,3.9,Alella,Blanco,https://www.vivino.com/valdesil-macabeo/w/665049?year=2021
2020,Godeval,Moscatel_Conca de Barberà,Exceptional,Godeval Moscatel 2020 Conca de Barberà,62.0,26.27,4.5,Conca de Barberà,Blanco,https://www.vivino.com/godeval-moscatel/w/770013?year=2020
2019,Mustiguillo,Xarel·lo_Rueda,Good Value,Mustiguillo Xarel·lo 2019 Rueda,1853.0,17.12,4.18,Rueda,Blanco,https://www.vivino.com/mustiguillo-xarel·lo/w/357289?year=2019
2018,Gramona,Chardonnay_Conca de Barberà,Exceptional,Gramona Chardonnay 2018 Conca de Barberà,1548.0,17.26,4.52,Conca de Barberà,Blanco,https://www.vivino.com/gramona-chardonnay/w/921722?year=2018
2021,A Coroa,Verdejo_Empordà,Good Value,A Coroa Verdejo 2021 Empordà,1058.0,10.35,4.0,Empordà,Blanco,https://www.vivino.com/a-coroa-verdejo/w/896064?year=2021
2022,Codorníu,Moscatel_Rioja,Average,Codorníu Moscatel 2022 Rioja,1342.0,41.34,3.92,Rioja,Blanco,https://www.vivino.com/codorníu-moscatel/w/298853?year=2022
2023,Codorníu,Pedro Ximénez_Ribeiro,Great Value,Codorníu Pedro Ximénez 2023 Ribeiro,1911.0,29.01,4.32,Ribeiro,Blanco,https://www.vivino.com/codorníu-pedro ximénez/w/953696?year=2023
2019,Menade,Tempranillo Blanco_Penedès,Good Value,Menade Tempranillo Blanco 2019 Penedès,1727.0,12.41,4.04,Penedès,Blanco,https://www.vivino.com/menade-tempranillo blanco/w/507837?year=2019
2018,García Viadero,Moscatel_Campo de Borja,Good Value,García Viadero Moscatel 2018 Campo de Borja,1137.0,15.72,4.02,Campo de Borja,Blanco,https://www.vivino.com/garcía-viadero-moscatel/w/635381?year=2018
2021,Jean Leon Chardonnay,Macabeo_Rías Baixas,Exceptional,Jean Leon Chardonnay Macabeo 2021 Rías Baixas,1318.0,18.44,4.68,Rías Baixas,Blanco,https://www.vivino.com/jean-leon-chardonnay-macabeo/w/667661?year=2021
2020,Pazo San Mauro,Viura_Somontano,Average,Pazo San Mauro Viura 2020 Somontano,521.0,21.22,3.82,Somontano,Blanco,https://www.vivino.com/pazo-san-mauro-viura/w/138953?year=2020
2019,Godeval,Tempranillo Blanco_Calatayud,Exceptional,Godeval Tempranillo Blanco 2019 Calatayud,866.0,21.39,4.58,Calatayud,Blanco,https://www.vivino.com/godeval-tempranillo blanco/w/911289?year=2019
2020,Burgáns,Godello_Penedès,Good Value,Burgáns Godello 2020 Penedès,1398.0,16.67,4.07,Penedès,Blanco,https://www.vivino.com/burgáns-godello/w/875288?year=2020
2021,Terras Gauda,Macabeo_Cava,Great Value,Terras Gauda Macabeo 2021 Cava,564.0,24.83,4.3,Cava,Blanco,https://www.vivino.com/terras-gauda-macabeo/w/573465?year=2021
2023,Crego e Monaguillo,Treixadura_Alicante,Average,Crego e Monaguillo Treixadura 2023 Alicante,1639.0,23.12,3.91,Alicante,Blanco,https://www.vivino.com/crego-e-monaguillo-treixadura/w/487759?year=2023
2020,Triay,Treixadura_Empordà,Good Value,Triay Treixadura 2020 Empordà,345.0,11.99,4.17,Empordà,Blanco,https://www.vivino.com/triay-treixadura/w/176274?year=2020
2022,Pago de Tharsys,Parellada_Somontano,Great Value,Pago de Tharsys Parellada 2022 Somontano,430.0,29.22,4.4,Somontano,Blanco,https://www.vivino.com/pago-de-tharsys-parellada/w/467183?year=2022
2022,Casa Sicilia,Viura_Alicante,Good Value,Casa Sicilia Viura 2022 Alicante,1292.0,26.85,4.19,Alicante,Blanco,https://www.vivino.com/casa-sicilia-viura/w/445451?year=2022
2020,Hermanos Lurton,Chardonnay_Penedès,Great Value,Hermanos Lurton Chardonnay 2020 Penedès,1128.0,26.25,4.42,Penedès,Blanco,https://www.vivino.com/hermanos-lurton-chardonnay/w/391491?year=2020
2021,Shaya,Xarel·lo_Rioja,Great Value,Shaya Xarel·lo 2021 Rioja,897.0,15.7,4.48,Rioja,Blanco,https://www.vivino.com/shaya-xarel·lo/w/635118?year=2021
2022,Gramona,Verdejo_Calatayud,Good Value,Gramona Verdejo 2022 Calatayud,714.0,18.29,4.14,Calatayud,Blanco,https://www.vivino.com/gramona-verdejo/w/878498?year=2022
2020,Burgáns,Godello_Alella,Good Value,Burgáns Godello 2020 Alella,303.0,29.37,4.13,Alella,Blanco,https://www.vivino.com/burgáns-godello/w/100626?year=2020
2022,Mustiguillo,Pedro Ximénez_Conca de Barberà,Average,Mustiguillo Pedro Ximénez 2022 Conca de Barberà,990.0,14.65,3.88,Conca de Barberà,Blanco,https://www.vivino.com/mustiguillo-pedro ximénez/w/734039?year=2022
2019,Palacio de Bornos,Gewürztraminer_Ribeiro,Average,Palacio de Bornos Gewürztraminer 2019 Ribeiro,1093.0,26.47,3.83,Ribeiro,Blanco,https://www.vivino.com/palacio-de-bornos-gewürztraminer/w/338033?year=2019
2019,As Laxas,Pedro Ximénez_Empordà,Great Value,As Laxas Pedro Ximénez 2019 Empordà,794.0,10.21,4.39,Empordà,Blanco,https://www.vivino.com/as-laxas-pedro ximénez/w/182752?year=2019
2022,Rafael Palacios,Chardonnay_Calatayud,Exceptional,Rafael Palacios Chardonnay 2022 Calatayud,1066.0,26.46,4.72,Calatayud,Blanco,https://www.vivino.com/rafael-palacios-chardonnay/w/100054?year=2022
2021,Triay,Pedro Ximénez_Valdeorras,Exceptional,Triay Pedro Ximénez 2021 Valdeorras,720.0,32.38,4.75,Valdeorras,Blanco,https://www.vivino.com/triay-pedro ximénez/w/961316?year=2021
2022,Pazo San Mauro,Treixadura_Rías Baixas,Great Value,Pazo San Mauro Treixadura 2022 Rías Baixas,701.0,43.48,4.24,Rías Baixas,Blanco,https://www.vivino.com/pazo-san-mauro-treixadura/w/186501?year=2022
2022,Godeval,Tempranillo Blanco_Alella,Great Value,Godeval Tempranillo Blanco 2022 Alella,1051.0,23.94,4.41,Alella,Blanco,https://www.vivino.com/godeval-tempranillo blanco/w/365186?year=2022
2018,Rafael Palacios,Moscatel_Calatayud,Good Value,Rafael Palacios Moscatel 2018 Calatayud,1054.0,28.05,4.04,Calatayud,Blanco,https://www.vivino.com/rafael-palacios-moscatel/w/760131?year=2018
2022,CVNE Monopole,Verdejo_Rioja,Exceptional,CVNE Monopole Verdejo 2022 Rioja,1995.0,17.75,4.79,Rioja,Blanco,https://www.vivino.com/cvne-monopole-verdejo/w/315057?year=2022
2022,Pazo do Mar,Albariño_Ribeiro,Average,Pazo do Mar Albariño 2022 Ribeiro,1936.0,22.66,3.82,Ribeiro,Blanco,https://www.vivino.com/pazo-do-mar-albariño/w/658462?year=2022
2022,Gramona,Pedro Ximénez_Rueda,Exceptional,Gramona Pedro Ximénez 2022 Rueda,1552.0,23.6,4.51,Rueda,Blanco,https://www.vivino.com/gramona-pedro ximénez/w/335352?year=2022
2020,Marqués de Griñón,Albariño_Jumilla,Exceptional,Marqués de Griñón Albariño 2020 Jumilla,1020.0,16.91,4.75,Jumilla,Blanco,https://www.vivino.com/marqués-de-grinón-albariño/w/450417?year=2020
2022,Pazo Baión,Tempranillo Blanco_Penedès,Exceptional,Pazo Baión Tempranillo Blanco 2022 Penedès,491.0,34.59,4.59,Penedès,Blanco,https://www.vivino.com/pazo-baión-tempranillo blanco/w/876849?year=2022
2020,Condes de Albarei,Xarel·lo_Penedès,Average,Condes de Albarei Xarel·lo 2020 Penedès,1933.0,27.86,3.96,Penedès,Blanco,https://www.vivino.com/condes-de-albarei-xarel·lo/w/918150?year=2020
2018,Terras Gauda,Macabeo_Penedès,Great Value,Terras Gauda Macabeo 2018 Penedès,319.0,22.95,4.23,Penedès,Blanco,https://www.vivino.com/terras-gauda-macabeo/w/612345?year=2018
2019,Marqués de Riscal Sauvignon,Macabeo_Empordà,Good Value,Marqués de Riscal Sauvignon Macabeo 2019 Empordà,1330.0,26.45,4.04,Empordà,Blanco,https://www.vivino.com/marqués-de-riscal-sauvignon-macabeo/w/436693?year=2019
2023,Lapola,Pedro Ximénez_Alella,Good Value,Lapola Pedro Ximénez 2023 Alella,1483.0,8.15,4.08,Alella,Blanco,https://www.vivino.com/lapola-pedro ximénez/w/798341?year=2023
2022,Crego e Monaguillo,Treixadura_Rioja,Average,Crego e Monaguillo Treixadura 2022 Rioja,1316.0,22.69,3.88,Rioja,Blanco,https://www.vivino.com/crego-e-monaguillo-treixadura/w/632679?year=2022
2023,Artadi Viñas de Gain,Pedro Ximénez_Ribeiro,Exceptional,Artadi Viñas de Gain Pedro Ximénez 2023 Ribeiro,158.0,24.84,4.61,Ribeiro,Blanco,https://www.vivino.com/artadi-vinas-de-gain-pedro ximénez/w/135105?year=2023
2020,Castro Martín,Pedro Ximénez_Rioja,Average,Castro Martín Pedro Ximénez 2020 Rioja,1689.0,48.67,3.83,Rioja,Blanco,https://www.vivino.com/castro-martín-pedro ximénez/w/247586?year=2020
2022,Joaquín Rebolledo,Tempranillo Blanco_Conca de Barberà,Exceptional,Joaquín Rebolledo Tempranillo Blanco 2022 Conca de Barberà,54.0,9.93,4.7,Conca de Barberà,Blanco,https://www.vivino.com/joaquín-rebolledo-tempranillo blanco/w/976312?year=2022
2022,Itsasmendi,Moscatel_Somontano,Average,Itsasmendi Moscatel 2022 Somontano,1520.0,18.23,3.84,Somontano,Blanco,https://www.vivino.com/itsasmendi-moscatel/w/270214?year=2022
2021,Enrique Mendoza,Moscatel_Cava,Great Value,Enrique Mendoza Moscatel 2021 Cava,81.0,22.45,4.31,Cava,Blanco,https://www.vivino.com/enrique-mendoza-moscatel/w/471840?year=2021
2022,Artadi Viñas de Gain,Pedro Ximénez_Calatayud,Great Value,Artadi Viñas de Gain Pedro Ximénez 2022 Calatayud,111.0,11.73,4.38,Calatayud,Blanco,https://www.vivino.com/artadi-vinas-de-gain-pedro ximénez/w/622814?year=2022
2018,Codorníu,Chardonnay_Rueda,Great Value,Codorníu Chardonnay 2018 Rueda,667.0,18.6,4.43,Rueda,Blanco,https://www.vivino.com/codorníu-chardonnay/w/147131?year=2018
2020,Casa Sicilia,Albariño_Navarra,Average,Casa Sicilia Albariño 2020 Navarra,813.0,21.85,3.93,Navarra,Blanco,https://www.vivino.com/casa-sicilia-albariño/w/615048?year=2020
2023,Hermanos Lurton,Chardonnay_Rueda,Average,Hermanos Lurton Chardonnay 2023 Rueda,79.0,21.21,3.89,Rueda,Blanco,https://www.vivino.com/hermanos-lurton-chardonnay/w/474449?year=2023
2023,Condes de Albarei,Pedro Ximénez_Calatayud,Exceptional,Condes de Albarei Pedro Ximénez 2023 Calatayud,1766.0,22.67,4.69,Calatayud,Blanco,https://www.vivino.com/condes-de-albarei-pedro ximénez/w/284884?year=2023
2018,Coto de Gomariz,Verdejo_Campo de Borja,Exceptional,Coto de Gomariz Verdejo 2018 Campo de Borja,1472.0,14.7,4.75,Campo de Borja,Blanco,https://www.vivino.com/coto-de-gomariz-verdejo/w/722707?year=2018
2020,Cuatro Rayas,Xarel·lo_Campo de Borja,Average,Cuatro Rayas Xarel·lo 2020 Campo de Borja,867.0,28.99,3.81,Campo de Borja,Blanco,https://www.vivino.com/cuatro-rayas-xarel·lo/w/895698?year=2020
2018,Lapola,Tempranillo Blanco_Campo de Borja,Exceptional,Lapola Tempranillo Blanco 2018 Campo de Borja,876.0,25.68,4.51,Campo de Borja,Blanco,https://www.vivino.com/lapola-tempranillo blanco/w/966556?year=2018
2022,Casa Sicilia,Albariño_Calatayud,Good Value,Casa Sicilia Albariño 2022 Calatayud,456.0,27.83,4.11,Calatayud,Blanco,https://www.vivino.com/casa-sicilia-albariño/w/284589?year=2022
2020,Pazo Baión,Pedro Ximénez_Valencia,Average,Pazo Baión Pedro Ximénez 2020 Valencia,659.0,20.67,3.97,Valencia,Blanco,https://www.vivino.com/pazo-baión-pedro ximénez/w/837327?year=2020
2022,Verdejo José Pariente,Albariño_Rioja,Exceptional,Verdejo José Pariente Albariño 2022 Rioja,505.0,35.79,4.71,Rioja,Blanco,https://www.vivino.com/verdejo-josé-pariente-albariño/w/189184?year=2022
2019,Enrique Mendoza,Macabeo_Ribeiro,Great Value,Enrique Mendoza Macabeo 2019 Ribeiro,1663.0,10.09,4.29,Ribeiro,Blanco,https://www.vivino.com/enrique-mendoza-macabeo/w/382254?year=2019
2023,Castro Martín,Chardonnay_Calatayud,Exceptional,Castro Martín Chardonnay 2023 Calatayud,517.0,21.52,4.79,Calatayud,Blanco,https://www.vivino.com/castro-martín-chardonnay/w/450771?year=2023
2018,Pazo de Señoráns,Treixadura_Alicante,Exceptional,Pazo de Señoráns Treixadura 2018 Alicante,603.0,27.76,4.6,Alicante,Blanco,https://www.vivino.com/pazo-de-senoráns-treixadura/w/439872?year=2018
2019,Belondrade y Lurton,Godello_Alicante,Exceptional,Belondrade y Lurton Godello 2019 Alicante,1663.0,20.36,4.6,Alicante,Blanco,https://www.vivino.com/belondrade-y-lurton-godello/w/957790?year=2019
2023,Itsasmendi,Godello_Navarra,Average,Itsasmendi Godello 2023 Navarra,480.0,11.64,3.91,Navarra,Blanco,https://www.vivino.com/itsasmendi-godello/w/975832?year=2023
2023,Pazo San Mauro,Godello_Alicante,Good Value,Pazo San Mauro Godello 2023 Alicante,1640.0,11.6,4.1,Alicante,Blanco,https://www.vivino.com/pazo-san-mauro-godello/w/865041?year=2023
2022,Emilio Rojo,Xarel·lo_Conca de Barberà,Great Value,Emilio Rojo Xarel·lo 2022 Conca de Barberà,1776.0,27.09,4.27,Conca de Barberà,Blanco,https://www.vivino.com/emilio-rojo-xarel·lo/w/286257?year=2022
2020,Muga Fermentado,Pedro Ximénez_Somontano,Great Value,Muga Fermentado Pedro Ximénez 2020 Somontano,95.0,21.23,4.22,Somontano,Blanco,https://www.vivino.com/muga-fermentado-pedro ximénez/w/474809?year=2020
2023,Joaquín Rebolledo,Chardonnay_Alella,Good Value,Joaquín Rebolledo Chardonnay 2023 Alella,597.0,28.87,4.16,Alella,Blanco,https://www.vivino.com/joaquín-rebolledo-chardonnay/w/512052?year=2023
2021,Artadi Viñas de Gain,Viura_Penedès,Average,Artadi Viñas de Gain Viura 2021 Penedès,944.0,30.38,3.83,Penedès,Blanco,https://www.vivino.com/artadi-vinas-de-gain-viura/w/907792?year=2021
2020,Palacio de Bornos,Chardonnay_Ribeiro,Average,Palacio de Bornos Chardonnay 2020 Ribeiro,1025.0,29.1,3.81,Ribeiro,Blanco,https://www.vivino.com/palacio-de-bornos-chardonnay/w/728480?year=2020
2023,Pazo Baión,Macabeo_Ribeiro,Good Value,Pazo Baión Macabeo 2023 Ribeiro,350.0,11.15,4.16,Ribeiro,Blanco,https://www.vivino.com/pazo-baión-macabeo/w/661304?year=2023
2022,Palacio de Bornos,Xarel·lo_Ribeiro,Average,Palacio de Bornos Xarel·lo 2022 Ribeiro,1066.0,13.51,3.89,Ribeiro,Blanco,https://www.vivino.com/palacio-de-bornos-xarel·lo/w/324087?year=2022
2019,Castro Martín,Moscatel_Ribeiro,Good Value,Castro Martín Moscatel 2019 Ribeiro,1059.0,15.83,4.02,Ribeiro,Blanco,https://www.vivino.com/castro-martín-moscatel/w/837445?year=2019
2021,Pazo San Mauro,Pedro Ximénez_Empordà,Exceptional,Pazo San Mauro Pedro Ximénez 2021 Empordà,368.0,19.16,4.74,Empordà,Blanco,https://www.vivino.com/pazo-san-mauro-pedro ximénez/w/955263?year=2021
2022,Granbazan,Moscatel_Monterrei,Average,Granbazan Moscatel 2022 Monterrei,522.0,8.4,3.81,Monterrei,Blanco,https://www.vivino.com/granbazan-moscatel/w/198924?year=2022
2018,Hermanos Lurton,Xarel·lo_Terra Alta,Good Value,Hermanos Lurton Xarel·lo 2018 Terra Alta,1238.0,27.25,4.07,Terra Alta,Blanco,https://www.vivino.com/hermanos-lurton-xarel·lo/w/111422?year=2018
2018,Lapola,Chardonnay_Monterrei,Exceptional,Lapola Chardonnay 2018 Monterrei,962.0,11.11,4.77,Monterrei,Blanco,https://www.vivino.com/lapola-chardonnay/w/216884?year=2018
2020,García Viadero,Parellada_Navarra,Exceptional,García Viadero Parellada 2020 Navarra,1235.0,14.67,4.72,Navarra,Blanco,https://www.vivino.com/garcía-viadero-parellada/w/436402?year=2020
2023,Menade,Xarel·lo_Empordà,Good Value,Menade Xarel·lo 2023 Empordà,1663.0,28.3,4.19,Empordà,Blanco,https://www.vivino.com/menade-xarel·lo/w/243527?year=2023
2019,Castro Martín,Albariño_Ribeiro,Average,Castro Martín Albariño 2019 Ribeiro,1223.0,11.66,3.9,Ribeiro,Blanco,https://www.vivino.com/castro-martín-albariño/w/983635?year=2019
2023,Palacio de Bornos,Gewürztraminer_Monterrei,Great Value,Palacio de Bornos Gewürztraminer 2023 Monterrei,1491.0,18.35,4.37,Monterrei,Blanco,https://www.vivino.com/palacio-de-bornos-gewürztraminer/w/156483?year=2023
2023,Sumarroca,Tempranillo Blanco_Alicante,Exceptional,Sumarroca Tempranillo Blanco 2023 Alicante,249.0,25.49,4.76,Alicante,Blanco,https://www.vivino.com/sumarroca-tempranillo blanco/w/668703?year=2023
2023,Freixenet,Gewürztraminer_Terra Alta,Great Value,Freixenet Gewürztraminer 2023 Terra Alta,909.0,11.33,4.4,Terra Alta,Blanco,https://www.vivino.com/freixenet-gewürztraminer/w/874782?year=2023
2019,Hermanos Lurton,Parellada_Rioja,Exceptional,Hermanos Lurton Parellada 2019 Rioja,745.0,45.47,4.64,Rioja,Blanco,https://www.vivino.com/hermanos-lurton-parellada/w/158898?year=2019
2021,Casa Sicilia,Chardonnay_Somontano,Great Value,Casa Sicilia Chardonnay 2021 Somontano,429.0,14.43,4.49,Somontano,Blanco,https://www.vivino.com/casa-sicilia-chardonnay/w/511149?year=2021
2019,Triay,Tempranillo Blanco_Monterrei,Average,Triay Tempranillo Blanco 2019 Monterrei,449.0,25.2,3.94,Monterrei,Blanco,https://www.vivino.com/triay-tempranillo blanco/w/870460?year=2019
2018,Rafael Palacios,Tempranillo Blanco_Rías Baixas,Good Value,Rafael Palacios Tempranillo Blanco 2018 Rías Baixas,1521.0,41.48,4.12,Rías Baixas,Blanco,https://www.vivino.com/rafael-palacios-tempranillo blanco/w/259329?year=2018
2021,Pazo San Mauro,Godello_Ribeiro,Good Value,Pazo San Mauro Godello 2021 Ribeiro,840.0,19.96,4.1,Ribeiro,Blanco,https://www.vivino.com/pazo-san-mauro-godello/w/260201?year=2021
2021,Segura Viudas,Treixadura_Calatayud,Great Value,Segura Viudas Treixadura 2021 Calatayud,626.0,27.82,4.21,Calatayud,Blanco,https://www.vivino.com/segura-viudas-treixadura/w/965856?year=2021
2022,Itsasmendi,Verdejo_Penedès,Exceptional,Itsasmendi Verdejo 2022 Penedès,1621.0,34.97,4.6,Penedès,Blanco,https://www.vivino.com/itsasmendi-verdejo/w/325556?year=2022
2022,Pazo de Señoráns,Verdejo_Ribeiro,Good Value,Pazo de Señoráns Verdejo 2022 Ribeiro,244.0,25.43,4.19,Ribeiro,Blanco,https://www.vivino.com/pazo-de-senoráns-verdejo/w/586821?year=2022
2022,Pazo San Mauro,Verdejo_Cava,Great Value,Pazo San Mauro Verdejo 2022 Cava,1138.0,8.19,4.31,Cava,Blanco,https://www.vivino.com/pazo-san-mauro-verdejo/w/985079?year=2022
2019,Emilio Rojo,Xarel·lo_Conca de Barberà,Average,Emilio Rojo Xarel·lo 2019 Conca de Barberà,56.0,23.17,3.87,Conca de Barberà,Blanco,https://www.vivino.com/emilio-rojo-xarel·lo/w/642219?year=2019
2022,Burgáns,Gewürztraminer_Jumilla,Exceptional,Burgáns Gewürztraminer 2022 Jumilla,1876.0,12.58,4.72,Jumilla,Blanco,https://www.vivino.com/burgáns-gewürztraminer/w/164135?year=2022
2020,Lagar de Cervera,Sauvignon Blanc_Alella,Average,Lagar de Cervera Sauvignon Blanc 2020 Alella,1067.0,25.83,3.84,Alella,Blanco,https://www.vivino.com/lagar-de-cervera-sauvignon blanc/w/546594?year=2020
2023,Pazo de Casanova,Moscatel_Monterrei,Great Value,Pazo de Casanova Moscatel 2023 Monterrei,1728.0,18.92,4.38,Monterrei,Blanco,https://www.vivino.com/pazo-de-casanova-moscatel/w/767668?year=2023
2021,Marqués de Riscal Sauvignon,Albariño_Calatayud,Exceptional,Marqués de Riscal Sauvignon Albariño 2021 Calatayud,338.0,25.14,4.5,Calatayud,Blanco,https://www.vivino.com/marqués-de-riscal-sauvignon-albariño/w/529709?year=2021
2022,Sumarroca,Treixadura_Terra Alta,Great Value,Sumarroca Treixadura 2022 Terra Alta,1492.0,14.83,4.28,Terra Alta,Blanco,https://www.vivino.com/sumarroca-treixadura/w/592844?year=2022
2023,Pazo San Mauro,Verdejo_Alella,Great Value,Pazo San Mauro Verdejo 2023 Alella,1434.0,12.26,4.29,Alella,Blanco,https://www.vivino.com/pazo-san-mauro-verdejo/w/789632?year=2023
2018,Shaya,Viura_Rueda,Average,Shaya Viura 2018 Rueda,717.0,22.94,3.98,Rueda,Blanco,https://www.vivino.com/shaya-viura/w/997897?year=2018
2021,Marqués de Riscal Sauvignon,Albariño_Terra Alta,Great Value,Marqués de Riscal Sauvignon Albariño 2021 Terra Alta,942.0,23.51,4.29,Terra Alta,Blanco,https://www.vivino.com/marqués-de-riscal-sauvignon-albariño/w/719769?year=2021
2021,Burgáns,Tempranillo Blanco_Monterrei,Average,Burgáns Tempranillo Blanco 2021 Monterrei,1446.0,23.97,3.95,Monterrei,Blanco,https://www.vivino.com/burgáns-tempranillo blanco/w/566930?year=2021
2021,Torres Waltraud,Pedro Ximénez_Conca de Barberà,Average,Torres Waltraud Pedro Ximénez 2021 Conca de Barberà,605.0,21.98,3.93,Conca de Barberà,Blanco,https://www.vivino.com/torres-waltraud-pedro ximénez/w/365056?year=2021
2022,CVNE Monopole,Pedro Ximénez_Penedès,Exceptional,CVNE Monopole Pedro Ximénez 2022 Penedès,388.0,38.54,4.62,Penedès,Blanco,https://www.vivino.com/cvne-monopole-pedro ximénez/w/493841?year=2022
2022,Condes de Albarei,Parellada_Valdeorras,Exceptional,Condes de Albarei Parellada 2022 Valdeorras,1143.0,25.41,4.77,Valdeorras,Blanco,https://www.vivino.com/condes-de-albarei-parellada/w/794692?year=2022
2023,Jean Leon Chardonnay,Sauvignon Blanc_Rías Baixas,Average,Jean Leon Chardonnay Sauvignon Blanc 2023 Rías Baixas,1441.0,37.57,3.99,Rías Baixas,Blanco,https://www.vivino.com/jean-leon-chardonnay-sauvignon blanc/w/620115?year=2023
2021,Marqués de Riscal Sauvignon,Chardonnay_Navarra,Exceptional,Marqués de Riscal Sauvignon Chardonnay 2021 Navarra,424.0,14.29,4.51,Navarra,Blanco,https://www.vivino.com/marqués-de-riscal-sauvignon-chardonnay/w/370308?year=2021
2019,Menade,Chardonnay_Navarra,Exceptional,Menade Chardonnay 2019 Navarra,273.0,24.25,4.66,Navarra,Blanco,https://www.vivino.com/menade-chardonnay/w/986724?year=2019
2023,Coto de Gomariz,Parellada_Rueda,Great Value,Coto de Gomariz Parellada 2023 Rueda,1700.0,9.29,4.43,Rueda,Blanco,https://www.vivino.com/coto-de-gomariz-parellada/w/595205?year=2023
2019,Protos Verdejo,Viura_Jumilla,Great Value,Protos Verdejo Viura 2019 Jumilla,346.0,9.36,4.43,Jumilla,Blanco,https://www.vivino.com/protos-verdejo-viura/w/595037?year=2019
2023,Condes de Albarei,Parellada_Navarra,Great Value,Condes de Albarei Parellada 2023 Navarra,939.0,26.14,4.2,Navarra,Blanco,https://www.vivino.com/condes-de-albarei-parellada/w/852999?year=2023
2020,Muga Fermentado,Viura_Rueda,Great Value,Muga Fermentado Viura 2020 Rueda,1960.0,9.0,4.4,Rueda,Blanco,https://www.vivino.com/muga-fermentado-viura/w/826761?year=2020
2018,Marqués de Murrieta Blanco,Gewürztraminer_Rioja,Great Value,Marqués de Murrieta Blanco Gewürztraminer 2018 Rioja,454.0,36.67,4.36,Rioja,Blanco,https://www.vivino.com/marqués-de-murrieta-blanco-gewürztraminer/w/921990?year=2018
2021,Enrique Mendoza,Gewürztraminer_Ribeiro,Average,Enrique Mendoza Gewürztraminer 2021 Ribeiro,1839.0,10.28,3.82,Ribeiro,Blanco,https://www.vivino.com/enrique-mendoza-gewürztraminer/w/336832?year=2021
2018,Mustiguillo,Gewürztraminer_Terra Alta,Average,Mustiguillo Gewürztraminer 2018 Terra Alta,1056.0,10.32,3.82,Terra Alta,Blanco,https://www.vivino.com/mustiguillo-gewürztraminer/w/925240?year=2018
2022,Marqués de Murrieta Blanco,Viura_Alicante,Great Value,Marqués de Murrieta Blanco Viura 2022 Alicante,1583.0,25.29,4.34,Alicante,Blanco,https://www.vivino.com/marqués-de-murrieta-blanco-viura/w/304318?year=2022
2023,Marqués de Griñón,Viura_Monterrei,Exceptional,Marqués de Griñón Viura 2023 Monterrei,1009.0,23.46,4.64,Monterrei,Blanco,https://www.vivino.com/marqués-de-grinón-viura/w/737229?year=2023
2021,Hermanos Lurton,Tempranillo Blanco_Somontano,Good Value,Hermanos Lurton Tempranillo Blanco 2021 Somontano,859.0,27.87,4.01,Somontano,Blanco,https://www.vivino.com/hermanos-lurton-tempranillo blanco/w/502983?year=2021
2023,Gramona,Godello_Conca de Barberà,Great Value,Gramona Godello 2023 Conca de Barberà,1184.0,25.21,4.44,Conca de Barberà,Blanco,https://www.vivino.com/gramona-godello/w/210307?year=2023
2018,Enrique Mendoza,Albariño_Valdeorras,Good Value,Enrique Mendoza Albariño 2018 Valdeorras,1238.0,27.43,4.19,Valdeorras,Blanco,https://www.vivino.com/enrique-mendoza-albariño/w/556873?year=2018
2018,Pazo do Mar,Chardonnay_Ribeiro,Great Value,Pazo do Mar Chardonnay 2018 Ribeiro,264.0,18.31,4.41,Ribeiro,Blanco,https://www.vivino.com/pazo-do-mar-chardonnay/w/913058?year=2018
2021,Belondrade y Lurton,Chardonnay_Conca de Barberà,Good Value,Belondrade y Lurton Chardonnay 2021 Conca de Barberà,337.0,15.86,4.04,Conca de Barberà,Blanco,https://www.vivino.com/belondrade-y-lurton-chardonnay/w/277692?year=2021
2020,Pazo Baión,Verdejo_Alella,Average,Pazo Baión Verdejo 2020 Alella,987.0,22.72,3.89,Alella,Blanco,https://www.vivino.com/pazo-baión-verdejo/w/746654?year=2020
2023,Mustiguillo,Godello_Empordà,Exceptional,Mustiguillo Godello 2023 Empordà,971.0,20.77,4.5,Empordà,Blanco,https://www.vivino.com/mustiguillo-godello/w/264723?year=2023
2019,Sumarroca,Chardonnay_Conca de Barberà,Good Value,Sumarroca Chardonnay 2019 Conca de Barberà,1590.0,17.29,4.13,Conca de Barberà,Blanco,https://www.vivino.com/sumarroca-chardonnay/w/250623?year=2019
2021,Marqués de Murrieta Blanco,Pedro Ximénez_Campo de Borja,Average,Marqués de Murrieta Blanco Pedro Ximénez 2021 Campo de Borja,1456.0,13.04,3.83,Campo de Borja,Blanco,https://www.vivino.com/marqués-de-murrieta-blanco-pedro ximénez/w/980315?year=2021
2020,Pazo do Mar,Chardonnay_Campo de Borja,Great Value,Pazo do Mar Chardonnay 2020 Campo de Borja,527.0,22.43,4.29,Campo de Borja,Blanco,https://www.vivino.com/pazo-do-mar-chardonnay/w/560745?year=2020
2018,Rafael Palacios,Verdejo_Valdeorras,Great Value,Rafael Palacios Verdejo 2018 Valdeorras,1812.0,24.34,4.24,Valdeorras,Blanco,https://www.vivino.com/rafael-palacios-verdejo/w/302958?year=2018
2023,Sumarroca,Moscatel_Penedès,Exceptional,Sumarroca Moscatel 2023 Penedès,779.0,22.6,4.6,Penedès,Blanco,https://www.vivino.com/sumarroca-moscatel/w/856755?year=2023
2022,Crego e Monaguillo,Godello_Alella,Average,Crego e Monaguillo Godello 2022 Alella,1310.0,17.0,3.97,Alella,Blanco,https://www.vivino.com/crego-e-monaguillo-godello/w/694350?year=2022
2023,Raventós i Blanc,Parellada_Monterrei,Exceptional,Raventós i Blanc Parellada 2023 Monterrei,1846.0,12.37,4.77,Monterrei,Blanco,https://www.vivino.com/raventós-i-blanc-parellada/w/860389?year=2023
2021,Hermanos Lurton,Parellada_Empordà,Great Value,Hermanos Lurton Parellada 2021 Empordà,436.0,16.41,4.46,Empordà,Blanco,https://www.vivino.com/hermanos-lurton-parellada/w/822756?year=2021
2023,Viña Costeira,Xarel·lo_Valdeorras,Good Value,Viña Costeira Xarel·lo 2023 Valdeorras,450.0,16.02,4.17,Valdeorras,Blanco,https://www.vivino.com/vina-costeira-xarel·lo/w/528509?year=2023
2018,Pazo San Mauro,Gewürztraminer_Cava,Great Value,Pazo San Mauro Gewürztraminer 2018 Cava,1938.0,14.93,4.3,Cava,Blanco,https://www.vivino.com/pazo-san-mauro-gewürztraminer/w/902387?year=2018
2019,Enrique Mendoza,Godello_Rías Baixas,Exceptional,Enrique Mendoza Godello 2019 Rías Baixas,391.0,26.61,4.7,Rías Baixas,Blanco,https://www.vivino.com/enrique-mendoza-godello/w/576560?year=2019
2021,Enrique Mendoza,Pedro Ximénez_Terra Alta,Great Value,Enrique Mendoza Pedro Ximénez 2021 Terra Alta,509.0,26.74,4.4,Terra Alta,Blanco,https://www.vivino.com/enrique-mendoza-pedro ximénez/w/630758?year=2021
2023,Joaquín Rebolledo,Pedro Ximénez_Jumilla,Average,Joaquín Rebolledo Pedro Ximénez 2023 Jumilla,328.0,28.36,3.8,Jumilla,Blanco,https://www.vivino.com/joaquín-rebolledo-pedro ximénez/w/610157?year=2023
2023,Enrique Mendoza,Chardonnay_Valdeorras,Exceptional,Enrique Mendoza Chardonnay 2023 Valdeorras,1836.0,24.07,4.55,Valdeorras,Blanco,https://www.vivino.com/enrique-mendoza-chardonnay/w/792526?year=2023
2018,Lapola,Macabeo_Valencia,Average,Lapola Macabeo 2018 Valencia,1017.0,8.27,3.87,Valencia,Blanco,https://www.vivino.com/lapola-macabeo/w/519316?year=2018
2018,Jean Leon Chardonnay,Macabeo_Valencia,Exceptional,Jean Leon Chardonnay Macabeo 2018 Valencia,1257.0,28.21,4.53,Valencia,Blanco,https://www.vivino.com/jean-leon-chardonnay-macabeo/w/749306?year=2018
2019,Burgáns,Treixadura_Valencia,Good Value,Burgáns Treixadura 2019 Valencia,829.0,26.12,4.16,Valencia,Blanco,https://www.vivino.com/burgáns-treixadura/w/951629?year=2019
2021,García Viadero,Treixadura_Penedès,Exceptional,García Viadero Treixadura 2021 Penedès,950.0,19.95,4.55,Penedès,Blanco,https://www.vivino.com/garcía-viadero-treixadura/w/686682?year=2021
2018,Jean Leon Chardonnay,Pedro Ximénez_Monterrei,Exceptional,Jean Leon Chardonnay Pedro Ximénez 2018 Monterrei,803.0,28.52,4.8,Monterrei,Blanco,https://www.vivino.com/jean-leon-chardonnay-pedro ximénez/w/273277?year=2018
2018,Lapola,Macabeo_Rueda,Average,Lapola Macabeo 2018 Rueda,273.0,21.93,3.8,Rueda,Blanco,https://www.vivino.com/lapola-macabeo/w/596703?year=2018
2022,Valdesil,Sauvignon Blanc_Terra Alta,Exceptional,Valdesil Sauvignon Blanc 2022 Terra Alta,147.0,26.02,4.6,Terra Alta,Blanco,https://www.vivino.com/valdesil-sauvignon blanc/w/971072?year=2022
2022,Pazo de Villarei,Pedro Ximénez_Calatayud,Great Value,Pazo de Villarei Pedro Ximénez 2022 Calatayud,1294.0,12.9,4.34,Calatayud,Blanco,https://www.vivino.com/pazo-de-villarei-pedro ximénez/w/741235?year=2022
2019,Coto de Gomariz,Sauvignon Blanc_Terra Alta,Average,Coto de Gomariz Sauvignon Blanc 2019 Terra Alta,160.0,29.31,3.93,Terra Alta,Blanco,https://www.vivino.com/coto-de-gomariz-sauvignon blanc/w/777606?year=2019
2022,Codorníu,Albariño_Empordà,Good Value,Codorníu Albariño 2022 Empordà,756.0,28.27,4.12,Empordà,Blanco,https://www.vivino.com/codorníu-albariño/w/668506?year=2022
2018,Coto de Gomariz,Parellada_Cava,Exceptional,Coto de Gomariz Parellada 2018 Cava,972.0,28.19,4.65,Cava,Blanco,https://www.vivino.com/coto-de-gomariz-parellada/w/335890?year=2018
2023,Naia,Treixadura_Navarra,Great Value,Naia Treixadura 2023 Navarra,1945.0,15.54,4.35,Navarra,Blanco,https://www.vivino.com/naia-treixadura/w/459741?year=2023
2019,Jean Leon Chardonnay,Pedro Ximénez_Valencia,Good Value,Jean Leon Chardonnay Pedro Ximénez 2019 Valencia,1600.0,11.32,4.02,Valencia,Blanco,https://www.vivino.com/jean-leon-chardonnay-pedro ximénez/w/375788?year=2019
2023,Palacio de Bornos,Verdejo_Alella,Great Value,Palacio de Bornos Verdejo 2023 Alella,449.0,12.16,4.45,Alella,Blanco,https://www.vivino.com/palacio-de-bornos-verdejo/w/199577?year=2023
2020,Freixenet,Xarel·lo_Empordà,Average,Freixenet Xarel·lo 2020 Empordà,1747.0,17.78,3.83,Empordà,Blanco,https://www.vivino.com/freixenet-xarel·lo/w/351908?year=2020
2021,Pazo San Mauro,Godello_Rioja,Exceptional,Pazo San Mauro Godello 2021 Rioja,695.0,45.78,4.69,Rioja,Blanco,https://www.vivino.com/pazo-san-mauro-godello/w/403872?year=2021
2019,La Val,Treixadura_Valdeorras,Average,La Val Treixadura 2019 Valdeorras,223.0,16.04,3.97,Valdeorras,Blanco,https://www.vivino.com/la-val-treixadura/w/114897?year=2019
2018,Casa Sicilia,Sauvignon Blanc_Ribeiro,Great Value,Casa Sicilia Sauvignon Blanc 2018 Ribeiro,1917.0,24.0,4.37,Ribeiro,Blanco,https://www.vivino.com/casa-sicilia-sauvignon blanc/w/325050?year=2018
2023,Jean Leon Chardonnay,Godello_Empordà,Good Value,Jean Leon Chardonnay Godello 2023 Empordà,804.0,28.74,4.01,Empordà,Blanco,https://www.vivino.com/jean-leon-chardonnay-godello/w/845786?year=2023
2018,Protos Verdejo,Parellada_Somontano,Exceptional,Protos Verdejo Parellada 2018 Somontano,1870.0,18.19,4.68,Somontano,Blanco,https://www.vivino.com/protos-verdejo-parellada/w/114584?year=2018
2018,As Sortes,Viura_Monterrei,Great Value,As Sortes Viura 2018 Monterrei,1516.0,21.1,4.31,Monterrei,Blanco,https://www.vivino.com/as-sortes-viura/w/220537?year=2018
2021,Pazo de Villarei,Viura_Somontano,Good Value,Pazo de Villarei Viura 2021 Somontano,1263.0,16.84,4.04,Somontano,Blanco,https://www.vivino.com/pazo-de-villarei-viura/w/786147?year=2021
2021,La Val,Parellada_Alella,Exceptional,La Val Parellada 2021 Alella,935.0,24.69,4.73,Alella,Blanco,https://www.vivino.com/la-val-parellada/w/287013?year=2021
2023,Pazo de Señoráns,Viura_Rueda,Great Value,Pazo de Señoráns Viura 2023 Rueda,360.0,9.11,4.31,Rueda,Blanco,https://www.vivino.com/pazo-de-senoráns-viura/w/882355?year=2023
2023,Codorníu,Albariño_Valencia,Exceptional,Codorníu Albariño 2023 Valencia,812.0,9.07,4.8,Valencia,Blanco,https://www.vivino.com/codorníu-albariño/w/264473?year=2023
2020,Condes de Albarei,Macabeo_Campo de Borja,Exceptional,Condes de Albarei Macabeo 2020 Campo de Borja,766.0,28.32,4.78,Campo de Borja,Blanco,https://www.vivino.com/condes-de-albarei-macabeo/w/832751?year=2020
2022,Marqués de Riscal Sauvignon,Viura_Cava,Good Value,Marqués de Riscal Sauvignon Viura 2022 Cava,1865.0,23.13,4.17,Cava,Blanco,https://www.vivino.com/marqués-de-riscal-sauvignon-viura/w/884073?year=2022
2021,Rafael Palacios,Parellada_Alicante,Exceptional,Rafael Palacios Parellada 2021 Alicante,525.0,18.36,4.74,Alicante,Blanco,https://www.vivino.com/rafael-palacios-parellada/w/787775?year=2021
2020,Raventós i Blanc,Tempranillo Blanco_Alella,Exceptional,Raventós i Blanc Tempranillo Blanco 2020 Alella,1398.0,11.93,4.71,Alella,Blanco,https://www.vivino.com/raventós-i-blanc-tempranillo blanco/w/927396?year=2020
2022,Segura Viudas,Chardonnay_Rías Baixas,Great Value,Segura Viudas Chardonnay 2022 Rías Baixas,79.0,22.99,4.43,Rías Baixas,Blanco,https://www.vivino.com/segura-viudas-chardonnay/w/170276?year=2022
2020,Protos Verdejo,Moscatel_Somontano,Great Value,Protos Verdejo Moscatel 2020 Somontano,970.0,14.57,4.27,Somontano,Blanco,https://www.vivino.com/protos-verdejo-moscatel/w/591239?year=2020
2021,Castro Martín,Pedro Ximénez_Empordà,Average,Castro Martín Pedro Ximénez 2021 Empordà,144.0,24.51,3.81,Empordà,Blanco,https://www.vivino.com/castro-martín-pedro ximénez/w/872900?year=2021
2022,Pazo de Villarei,Viura_Rioja,Average,Pazo de Villarei Viura 2022 Rioja,1025.0,27.7,3.91,Rioja,Blanco,https://www.vivino.com/pazo-de-villarei-viura/w/339773?year=2022
2023,Marqués de Murrieta Blanco,Albariño_Alicante,Good Value,Marqués de Murrieta Blanco Albariño 2023 Alicante,612.0,16.4,4.02,Alicante,Blanco,https://www.vivino.com/marqués-de-murrieta-blanco-albariño/w/195261?year=2023
2018,Pazo de Señoráns,Chardonnay_Alicante,Exceptional,Pazo de Señoráns Chardonnay 2018 Alicante,1256.0,21.52,4.69,Alicante,Blanco,https://www.vivino.com/pazo-de-senoráns-chardonnay/w/373536?year=2018
2021,CVNE Monopole,Verdejo_Alicante,Average,CVNE Monopole Verdejo 2021 Alicante,184.0,19.5,3.91,Alicante,Blanco,https://www.vivino.com/cvne-monopole-verdejo/w/478102?year=2021
2023,CVNE Monopole,Moscatel_Alicante,Great Value,CVNE Monopole Moscatel 2023 Alicante,215.0,17.04,4.3,Alicante,Blanco,https://www.vivino.com/cvne-monopole-moscatel/w/226885?year=2023
2018,Valdesil,Verdejo_Alicante,Great Value,Valdesil Verdejo 2018 Alicante,355.0,24.59,4.37,Alicante,Blanco,https://www.vivino.com/valdesil-verdejo/w/285104?year=2018
2018,Condes de Albarei,Verdejo_Cava,Great Value,Condes de Albarei Verdejo 2018 Cava,1189.0,21.49,4.21,Cava,Blanco,https://www.vivino.com/condes-de-albarei-verdejo/w/329318?year=2018
2022,Jean Leon Chardonnay,Sauvignon Blanc_Calatayud,Good Value,Jean Leon Chardonnay Sauvignon Blanc 2022 Calatayud,622.0,28.18,4.18,Calatayud,Blanco,https://www.vivino.com/jean-leon-chardonnay-sauvignon blanc/w/383400?year=2022
2018,Pazo do Mar,Parellada_Alella,Average,Pazo do Mar Parellada 2018 Alella,269.0,22.7,3.99,Alella,Blanco,https://www.vivino.com/pazo-do-mar-parellada/w/702230?year=2018
2018,Marqués de Riscal Sauvignon,Xarel·lo_Rioja,Exceptional,Marqués de Riscal Sauvignon Xarel·lo 2018 Rioja,514.0,17.81,4.56,Rioja,Blanco,https://www.vivino.com/marqués-de-riscal-sauvignon-xarel·lo/w/599152?year=2018
2023,Lapola,Moscatel_Alella,Average,Lapola Moscatel 2023 Alella,1345.0,27.84,3.9,Alella,Blanco,https://www.vivino.com/lapola-moscatel/w/222602?year=2023
2021,Terras Gauda,Parellada_Navarra,Good Value,Terras Gauda Parellada 2021 Navarra,1404.0,22.17,4.05,Navarra,Blanco,https://www.vivino.com/terras-gauda-parellada/w/587618?year=2021
2022,Coto de Gomariz,Xarel·lo_Navarra,Good Value,Coto de Gomariz Xarel·lo 2022 Navarra,240.0,24.75,4.16,Navarra,Blanco,https://www.vivino.com/coto-de-gomariz-xarel·lo/w/153918?year=2022
2023,Triay,Verdejo_Conca de Barberà,Exceptional,Triay Verdejo 2023 Conca de Barberà,761.0,22.43,4.56,Conca de Barberà,Blanco,https://www.vivino.com/triay-verdejo/w/502875?year=2023
2022,As Laxas,Viura_Alella,Average,As Laxas Viura 2022 Alella,1392.0,24.58,3.9,Alella,Blanco,https://www.vivino.com/as-laxas-viura/w/802457?year=2022
2023,Menade,Xarel·lo_Somontano,Exceptional,Menade Xarel·lo 2023 Somontano,1258.0,10.23,4.51,Somontano,Blanco,https://www.vivino.com/menade-xarel·lo/w/715286?year=2023
2019,Lagar de Cervera,Macabeo_Somontano,Exceptional,Lagar de Cervera Macabeo 2019 Somontano,1424.0,25.97,4.59,Somontano,Blanco,https://www.vivino.com/lagar-de-cervera-macabeo/w/518191?year=2019
2019,Muga Fermentado,Sauvignon Blanc_Penedès,Average,Muga Fermentado Sauvignon Blanc 2019 Penedès,1521.0,18.41,3.84,Penedès,Blanco,https://www.vivino.com/muga-fermentado-sauvignon blanc/w/123790?year=2019
2021,Belondrade y Lurton,Sauvignon Blanc_Penedès,Exceptional,Belondrade y Lurton Sauvignon Blanc 2021 Penedès,757.0,37.0,4.7,Penedès,Blanco,https://www.vivino.com/belondrade-y-lurton-sauvignon blanc/w/120480?year=2021
2020,Segura Viudas,Treixadura_Cava,Exceptional,Segura Viudas Treixadura 2020 Cava,1010.0,12.84,4.7,Cava,Blanco,https://www.vivino.com/segura-viudas-treixadura/w/600994?year=2020
2022,Artadi Viñas de Gain,Verdejo_Navarra,Exceptional,Artadi Viñas de Gain Verdejo 2022 Navarra,416.0,16.37,4.68,Navarra,Blanco,https://www.vivino.com/artadi-vinas-de-gain-verdejo/w/901009?year=2022
2020,Pazo de Casanova,Macabeo_Alicante,Average,Pazo de Casanova Macabeo 2020 Alicante,1685.0,8.25,3.91,Alicante,Blanco,https://www.vivino.com/pazo-de-casanova-macabeo/w/985547?year=2020
2023,Pazo San Mauro,Xarel·lo_Monterrei,Exceptional,Pazo San Mauro Xarel·lo 2023 Monterrei,820.0,29.17,4.73,Monterrei,Blanco,https://www.vivino.com/pazo-san-mauro-xarel·lo/w/177457?year=2023
2020,Marqués de Riscal Sauvignon,Gewürztraminer_Navarra,Average,Marqués de Riscal Sauvignon Gewürztraminer 2020 Navarra,407.0,28.24,3.88,Navarra,Blanco,https://www.vivino.com/marqués-de-riscal-sauvignon-gewürztraminer/w/459837?year=2020
2023,García Viadero,Pedro Ximénez_Monterrei,Great Value,García Viadero Pedro Ximénez 2023 Monterrei,1951.0,19.55,4.34,Monterrei,Blanco,https://www.vivino.com/garcía-viadero-pedro ximénez/w/248433?year=2023
2023,Hermanos Lurton,Godello_Calatayud,Good Value,Hermanos Lurton Godello 2023 Calatayud,64.0,27.55,4.15,Calatayud,Blanco,https://www.vivino.com/hermanos-lurton-godello/w/798955?year=2023
2020,Granbazan,Chardonnay_Penedès,Average,Granbazan Chardonnay 2020 Penedès,1910.0,27.34,3.91,Penedès,Blanco,https://www.vivino.com/granbazan-chardonnay/w/973762?year=2020
2023,Pago de Tharsys,Viura_Empordà,Exceptional,Pago de Tharsys Viura 2023 Empordà,178.0,29.38,4.6,Empordà,Blanco,https://www.vivino.com/pago-de-tharsys-viura/w/489882?year=2023
2023,Pazo de Villarei,Tempranillo Blanco_Valencia,Good Value,Pazo de Villarei Tempranillo Blanco 2023 Valencia,652.0,10.39,4.02,Valencia,Blanco,https://www.vivino.com/pazo-de-villarei-tempranillo blanco/w/392629?year=2023
2023,Palacio de Bornos,Parellada_Penedès,Great Value,Palacio de Bornos Parellada 2023 Penedès,764.0,29.97,4.36,Penedès,Blanco,https://www.vivino.com/palacio-de-bornos-parellada/w/487328?year=2023
2018,García Viadero,Parellada_Alicante,Great Value,García Viadero Parellada 2018 Alicante,1338.0,29.4,4.39,Alicante,Blanco,https://www.vivino.com/garcía-viadero-parellada/w/729867?year=2018
2022,Terras Gauda,Viura_Somontano,Good Value,Terras Gauda Viura 2022 Somontano,1758.0,22.01,4.11,Somontano,Blanco,https://www.vivino.com/terras-gauda-viura/w/555669?year=2022
2023,Casa Sicilia,Sauvignon Blanc_Jumilla,Exceptional,Casa Sicilia Sauvignon Blanc 2023 Jumilla,1038.0,8.2,4.76,Jumilla,Blanco,https://www.vivino.com/casa-sicilia-sauvignon blanc/w/176996?year=2023
2023,Sumarroca,Xarel·lo_Alicante,Exceptional,Sumarroca Xarel·lo 2023 Alicante,215.0,12.37,4.78,Alicante,Blanco,https://www.vivino.com/sumarroca-xarel·lo/w/846234?year=2023
2018,Viña Costeira,Xarel·lo_Valencia,Good Value,Viña Costeira Xarel·lo 2018 Valencia,259.0,19.55,4.13,Valencia,Blanco,https://www.vivino.com/vina-costeira-xarel·lo/w/225225?year=2018
2019,Artadi Viñas de Gain,Macabeo_Somontano,Exceptional,Artadi Viñas de Gain Macabeo 2019 Somontano,361.0,8.24,4.57,Somontano,Blanco,https://www.vivino.com/artadi-vinas-de-gain-macabeo/w/923042?year=2019
2023,Palacio de Bornos,Sauvignon Blanc_Conca de Barberà,Exceptional,Palacio de Bornos Sauvignon Blanc 2023 Conca de Barberà,181.0,24.06,4.59,Conca de Barberà,Blanco,https://www.vivino.com/palacio-de-bornos-sauvignon blanc/w/630536?year=2023
2022,Belondrade y Lurton,Gewürztraminer_Alella,Great Value,Belondrade y Lurton Gewürztraminer 2022 Alella,1602.0,22.29,4.42,Alella,Blanco,https://www.vivino.com/belondrade-y-lurton-gewürztraminer/w/403608?year=2022
2023,Freixenet,Albariño_Rioja,Exceptional,Freixenet Albariño 2023 Rioja,1614.0,21.19,4.64,Rioja,Blanco,https://www.vivino.com/freixenet-albariño/w/891391?year=2023
2023,Joaquín Rebolledo,Tempranillo Blanco_Empordà,Exceptional,Joaquín Rebolledo Tempranillo Blanco 2023 Empordà,1839.0,11.62,4.65,Empordà,Blanco,https://www.vivino.com/joaquín-rebolledo-tempranillo blanco/w/775838?year=2023
2020,Pazo San Mauro,Macabeo_Ribeiro,Great Value,Pazo San Mauro Macabeo 2020 Ribeiro,631.0,27.04,4.37,Ribeiro,Blanco,https://www.vivino.com/pazo-san-mauro-macabeo/w/134802?year=2020
2023,Gramona,Parellada_Rías Baixas,Great Value,Gramona Parellada 2023 Rías Baixas,852.0,28.52,4.25,Rías Baixas,Blanco,https://www.vivino.com/gramona-parellada/w/756299?year=2023
2022,Marqués de Griñón,Parellada_Rueda,Exceptional,Marqués de Griñón Parellada 2022 Rueda,1990.0,15.36,4.73,Rueda,Blanco,https://www.vivino.com/marqués-de-grinón-parellada/w/544250?year=2022
2022,García Viadero,Treixadura_Navarra,Great Value,García Viadero Treixadura 2022 Navarra,1176.0,10.46,4.31,Navarra,Blanco,https://www.vivino.com/garcía-viadero-treixadura/w/617910?year=2022
2020,Cuatro Rayas,Macabeo_Empordà,Great Value,Cuatro Rayas Macabeo 2020 Empordà,512.0,28.58,4.34,Empordà,Blanco,https://www.vivino.com/cuatro-rayas-macabeo/w/694801?year=2020
2019,Terras Gauda,Gewürztraminer_Alicante,Great Value,Terras Gauda Gewürztraminer 2019 Alicante,1503.0,20.49,4.2,Alicante,Blanco,https://www.vivino.com/terras-gauda-gewürztraminer/w/431881?year=2019
2018,Menade,Viura_Rueda,Exceptional,Menade Viura 2018 Rueda,585.0,17.51,4.75,Rueda,Blanco,https://www.vivino.com/menade-viura/w/954282?year=2018
2018,Protos Verdejo,Godello_Jumilla,Average,Protos Verdejo Godello 2018 Jumilla,1533.0,19.95,3.98,Jumilla,Blanco,https://www.vivino.com/protos-verdejo-godello/w/570887?year=2018
2020,Joaquín Rebolledo,Xarel·lo_Jumilla,Exceptional,Joaquín Rebolledo Xarel·lo 2020 Jumilla,1808.0,26.95,4.5,Jumilla,Blanco,https://www.vivino.com/joaquín-rebolledo-xarel·lo/w/221581?year=2020
2023,Pago de Tharsys,Sauvignon Blanc_Somontano,Great Value,Pago de Tharsys Sauvignon Blanc 2023 Somontano,194.0,28.98,4.22,Somontano,Blanco,https://www.vivino.com/pago-de-tharsys-sauvignon blanc/w/348021?year=2023
2022,Marqués de Griñón,Parellada_Terra Alta,Exceptional,Marqués de Griñón Parellada 2022 Terra Alta,1128.0,26.75,4.6,Terra Alta,Blanco,https://www.vivino.com/marqués-de-grinón-parellada/w/625633?year=2022
2021,Cuatro Rayas,Gewürztraminer_Valencia,Exceptional,Cuatro Rayas Gewürztraminer 2021 Valencia,1621.0,17.86,4.64,Valencia,Blanco,https://www.vivino.com/cuatro-rayas-gewürztraminer/w/160982?year=2021
2019,García Viadero,Treixadura_Campo de Borja,Great Value,García Viadero Treixadura 2019 Campo de Borja,86.0,28.6,4.33,Campo de Borja,Blanco,https://www.vivino.com/garcía-viadero-treixadura/w/295565?year=2019
2018,Valdesil,Godello_Empordà,Exceptional,Valdesil Godello 2018 Empordà,1512.0,12.15,4.78,Empordà,Blanco,https://www.vivino.com/valdesil-godello/w/289760?year=2018
2021,As Laxas,Macabeo_Navarra,Good Value,As Laxas Macabeo 2021 Navarra,151.0,12.35,4.05,Navarra,Blanco,https://www.vivino.com/as-laxas-macabeo/w/681843?year=2021
2022,Cuatro Rayas,Viura_Campo de Borja,Average,Cuatro Rayas Viura 2022 Campo de Borja,1595.0,8.59,3.83,Campo de Borja,Blanco,https://www.vivino.com/cuatro-rayas-viura/w/922978?year=2022
2018,Torres Waltraud,Chardonnay_Jumilla,Great Value,Torres Waltraud Chardonnay 2018 Jumilla,544.0,20.58,4.35,Jumilla,Blanco,https://www.vivino.com/torres-waltraud-chardonnay/w/423774?year=2018
2023,Shaya,Viura_Calatayud,Exceptional,Shaya Viura 2023 Calatayud,1910.0,16.27,4.56,Calatayud,Blanco,https://www.vivino.com/shaya-viura/w/139714?year=2023
2021,Enrique Mendoza,Tempranillo Blanco_Cava,Good Value,Enrique Mendoza Tempranillo Blanco 2021 Cava,689.0,18.89,4.03,Cava,Blanco,https://www.vivino.com/enrique-mendoza-tempranillo blanco/w/620501?year=2021
2022,Segura Viudas,Parellada_Navarra,Good Value,Segura Viudas Parellada 2022 Navarra,166.0,15.83,4.15,Navarra,Blanco,https://www.vivino.com/segura-viudas-parellada/w/592542?year=2022
2023,Coto de Gomariz,Viura_Rueda,Great Value,Coto de Gomariz Viura 2023 Rueda,735.0,20.82,4.48,Rueda,Blanco,https://www.vivino.com/coto-de-gomariz-viura/w/868445?year=2023
2021,Gramona,Sauvignon Blanc_Somontano,Average,Gramona Sauvignon Blanc 2021 Somontano,1195.0,25.89,3.98,Somontano,Blanco,https://www.vivino.com/gramona-sauvignon blanc/w/173501?year=2021
2018,Segura Viudas,Chardonnay_Rioja,Good Value,Segura Viudas Chardonnay 2018 Rioja,1377.0,28.47,4.15,Rioja,Blanco,https://www.vivino.com/segura-viudas-chardonnay/w/481710?year=2018
2022,Godeval,Godello_Rueda,Average,Godeval Godello 2022 Rueda,782.0,12.75,3.94,Rueda,Blanco,https://www.vivino.com/godeval-godello/w/253466?year=2022
2018,Burgáns,Macabeo_Monterrei,Great Value,Burgáns Macabeo 2018 Monterrei,1119.0,21.26,4.3,Monterrei,Blanco,https://www.vivino.com/burgáns-macabeo/w/983366?year=2018
2019,As Sortes,Treixadura_Rueda,Great Value,As Sortes Treixadura 2019 Rueda,1924.0,24.99,4.28,Rueda,Blanco,https://www.vivino.com/as-sortes-treixadura/w/493015?year=2019
2023,Mustiguillo,Treixadura_Campo de Borja,Good Value,Mustiguillo Treixadura 2023 Campo de Borja,1669.0,28.27,4.08,Campo de Borja,Blanco,https://www.vivino.com/mustiguillo-treixadura/w/208625?year=2023
2020,Verdejo José Pariente,Macabeo_Monterrei,Great Value,Verdejo José Pariente Macabeo 2020 Monterrei,1394.0,26.43,4.28,Monterrei,Blanco,https://www.vivino.com/verdejo-josé-pariente-macabeo/w/409773?year=2020
2023,Triay,Godello_Ribeiro,Great Value,Triay Godello 2023 Ribeiro,845.0,10.51,4.21,Ribeiro,Blanco,https://www.vivino.com/triay-godello/w/755093?year=2023
2021,Freixenet,Moscatel_Rías Baixas,Good Value,Freixenet Moscatel 2021 Rías Baixas,1258.0,29.28,4.19,Rías Baixas,Blanco,https://www.vivino.com/freixenet-moscatel/w/428794?year=2021
2022,La Val,Tempranillo Blanco_Rías Baixas,Exceptional,La Val Tempranillo Blanco 2022 Rías Baixas,828.0,22.84,4.66,Rías Baixas,Blanco,https://www.vivino.com/la-val-tempranillo blanco/w/196910?year=2022
2022,La Val,Pedro Ximénez_Valencia,Good Value,La Val Pedro Ximénez 2022 Valencia,358.0,22.5,4.11,Valencia,Blanco,https://www.vivino.com/la-val-pedro ximénez/w/663261?year=2022
2020,Viña Costeira,Parellada_Rioja,Exceptional,Viña Costeira Parellada 2020 Rioja,1387.0,28.39,4.58,Rioja,Blanco,https://www.vivino.com/vina-costeira-parellada/w/810395?year=2020
2020,Valdesil,Sauvignon Blanc_Alicante,Good Value,Valdesil Sauvignon Blanc 2020 Alicante,1253.0,20.41,4.05,Alicante,Blanco,https://www.vivino.com/valdesil-sauvignon blanc/w/296905?year=2020
2022,Segura Viudas,Verdejo_Somontano,Great Value,Segura Viudas Verdejo 2022 Somontano,1687.0,16.49,4.49,Somontano,Blanco,https://www.vivino.com/segura-viudas-verdejo/w/988742?year=2022
2023,Marqués de Murrieta Blanco,Xarel·lo_Cava,Great Value,Marqués de Murrieta Blanco Xarel·lo 2023 Cava,425.0,25.28,4.37,Cava,Blanco,https://www.vivino.com/marqués-de-murrieta-blanco-xarel·lo/w/102690?year=2023
2023,Casa Sicilia,Chardonnay_Empordà,Good Value,Casa Sicilia Chardonnay 2023 Empordà,149.0,26.02,4.15,Empordà,Blanco,https://www.vivino.com/casa-sicilia-chardonnay/w/510719?year=2023
2020,Pazo de Señoráns,Pedro Ximénez_Ribeiro,Good Value,Pazo de Señoráns Pedro Ximénez 2020 Ribeiro,1611.0,22.13,4.12,Ribeiro,Blanco,https://www.vivino.com/pazo-de-senoráns-pedro ximénez/w/577849?year=2020
2019,Burgáns,Xarel·lo_Alella,Great Value,Burgáns Xarel·lo 2019 Alella,175.0,26.86,4.36,Alella,Blanco,https://www.vivino.com/burgáns-xarel·lo/w/774512?year=2019
2021,Terras Gauda,Chardonnay_Terra Alta,Exceptional,Terras Gauda Chardonnay 2021 Terra Alta,1334.0,15.34,4.74,Terra Alta,Blanco,https://www.vivino.com/terras-gauda-chardonnay/w/553587?year=2021
2018,Menade,Moscatel_Ribeiro,Great Value,Menade Moscatel 2018 Ribeiro,927.0,27.66,4.42,Ribeiro,Blanco,https://www.vivino.com/menade-moscatel/w/992939?year=2018
2020,Itsasmendi,Godello_Rías Baixas,Great Value,Itsasmendi Godello 2020 Rías Baixas,1047.0,44.02,4.23,Rías Baixas,Blanco,https://www.vivino.com/itsasmendi-godello/w/934387?year=2020
2018,Pazo Baión,Sauvignon Blanc_Alella,Good Value,Pazo Baión Sauvignon Blanc 2018 Alella,249.0,11.09,4.01,Alella,Blanco,https://www.vivino.com/pazo-baión-sauvignon blanc/w/152669?year=2018
2023,Emilio Rojo,Xarel·lo_Navarra,Exceptional,Emilio Rojo Xarel·lo 2023 Navarra,231.0,12.11,4.67,Navarra,Blanco,https://www.vivino.com/emilio-rojo-xarel·lo/w/308225?year=2023
2021,Pazo de Señoráns,Verdejo_Ribeiro,Good Value,Pazo de Señoráns Verdejo 2021 Ribeiro,1610.0,15.54,4.03,Ribeiro,Blanco,https://www.vivino.com/pazo-de-senoráns-verdejo/w/635850?year=2021
2022,Joaquín Rebolledo,Treixadura_Calatayud,Exceptional,Joaquín Rebolledo Treixadura 2022 Calatayud,1041.0,29.59,4.65,Calatayud,Blanco,https://www.vivino.com/joaquín-rebolledo-treixadura/w/164004?year=2022
2019,Torres Waltraud,Godello_Alicante,Average,Torres Waltraud Godello 2019 Alicante,254.0,28.05,3.83,Alicante,Blanco,https://www.vivino.com/torres-waltraud-godello/w/443219?year=2019
2021,Pazo de Villarei,Albariño_Conca de Barberà,Great Value,Pazo de Villarei Albariño 2021 Conca de Barberà,577.0,14.38,4.33,Conca de Barberà,Blanco,https://www.vivino.com/pazo-de-villarei-albariño/w/976430?year=2021
2020,Artadi Viñas de Gain,Sauvignon Blanc_Alella,Great Value,Artadi Viñas de Gain Sauvignon Blanc 2020 Alella,896.0,22.61,4.44,Alella,Blanco,https://www.vivino.com/artadi-vinas-de-gain-sauvignon blanc/w/137796?year=2020
